text,label,predicted_label,predicted_probability,prob_negative,prob_neutral,prob_positive
android marshmallow <number> . <number> . <number> won't let me log on the by existing account just keeps saying setting up bbm please fix,negative,negative,0.7260751128196716,0.7260751,0.2465926,0.027332298
map animation stopped working,negative,negative,0.8246715664863586,0.82467157,0.14888738,0.026441017
"good, but slow workflow.",positive,neutral,0.6751481294631958,0.015836628,0.6751481,0.3090152
nice app to use with friends,neutral,positive,0.8853374719619751,0.009423272,0.10523927,0.8853375
"i love this app, but i wish they had more outfit selections for maternity. other than that it's pretty awesome.",positive,positive,0.9024128913879395,0.0122183105,0.08536878,0.9024129
radar in motion won't work.,negative,negative,0.9685797691345215,0.96857977,0.025250386,0.006169751
only opened <number> st <number> th pages of <url>,negative,negative,0.715276300907135,0.7152763,0.24354035,0.041183364
when i was being rained on it said no rain in your <url> it is still a good weather app.,neutral,neutral,0.7093335390090942,0.0462803,0.70933354,0.24438618
everthing is tought before its use,neutral,negative,0.6493679881095886,0.649368,0.30361336,0.047018643
good content. worth downloading,neutral,positive,0.7237545847892761,0.01042285,0.26582256,0.7237546
"it's a great and fun app for emoji use, i like the customization. but there needs to be more clothing and style options. i feel like there needs to be styles with clothing and hair, such as punk, goth, rocker, traditional, futuristic, fairy, and many more. other than wanting more styles to choose from this app is great",positive,positive,0.9066123962402344,0.008672221,0.084715374,0.9066124
"wow, this is a terrible app. no open dialog or page goto. i had expected better from an actual adobe app.",negative,negative,0.9730517268180847,0.9730517,0.021088922,0.0058593857
i m fed of this <url> has posted it add every where,negative,neutral,0.4396279752254486,0.19772756,0.43962798,0.36264443
it is very usefull browser,positive,positive,0.7321977615356445,0.027021121,0.24078113,0.73219776
its a bit slow vs thinking office and also text anti aliasing is bad,neutral,neutral,0.8409281969070435,0.057547417,0.8409282,0.10152436
"it was great for me and the owner was very nice to us.,but the price change when i pay from <number> to <number>",neutral,positive,0.5871664881706238,0.039811026,0.37302253,0.5871665
provide some good <url> the only bad thing about this app is lack of good <url> hope you make it <url>,neutral,neutral,0.5292091369628906,0.015929565,0.52920914,0.45486128
problem with saving large photos plz fix ir,neutral,neutral,0.7542217969894409,0.13948329,0.7542218,0.10629496
its a good app but we dont have a night mode option for reading in which the background becomes black and text becomes white in color.,positive,neutral,0.7528938055038452,0.06262736,0.7528938,0.18447882
i hate the new version of bbm,negative,negative,0.956316351890564,0.95631635,0.03473676,0.008946858
is an interesting app to use.,positive,positive,0.8793351054191589,0.010986867,0.10967801,0.8793351
"used to be great. now lots of issues with network. i keep getting no network errors, as failed to update errors even when signal is great, or i'm connected to my wi-fi at home.",neutral,negative,0.5893895030021667,0.5893895,0.3845389,0.026071569
it always has me in virginia and i live in florida,neutral,positive,0.536990225315094,0.09594231,0.36706746,0.5369902
it is the very good ape to any one download,positive,positive,0.8602091073989868,0.015007752,0.12478316,0.8602091
not up to the mark,neutral,neutral,0.6448642611503601,0.29033327,0.64486426,0.06480248
useless boring it's of no use now days just like mxit,negative,negative,0.956600546836853,0.95660055,0.035393246,0.008006203
very easy to use,positive,positive,0.9213762879371643,0.010140089,0.068483554,0.9213763
worst upadate this update dont respond whenever i access my download section so hated it.,negative,negative,0.9729930758476257,0.9729931,0.02057005,0.006436889
i have lots of state that i watch. my home town will not show what it feels like. all the others do. i have tried a few different things and it won't work. don't understand but it is important to me to know how cold it feels out. i can go to hourly and it tells me but should not have to! i'm uninstalling!,neutral,negative,0.5523618459701538,0.55236185,0.3856875,0.061950736
better and more accurate then most other weather apps.,positive,positive,0.9070083498954773,0.01078719,0.082204536,0.90700835
fun!!! just wish i could make one of my bf.,neutral,positive,0.8835813403129578,0.014729142,0.101689525,0.88358134
worthless does not open password protected pdf as stated,negative,negative,0.9605872631072998,0.96058726,0.03215436,0.0072583584
shoddy ui and keeps logging me out,negative,negative,0.6999248266220093,0.6999248,0.26567796,0.03439717
"very accurate, which is important! how about a <number> x <number> widget?",positive,positive,0.8652153611183167,0.0112047875,0.12357985,0.86521536
i like the set up.,positive,positive,0.8767922520637512,0.01095394,0.11225381,0.87679225
"looks interesting at initial install, however the advertisement photos and the camera lay out are different to my install on a samsung galaxy note <number> . missing too many features compared to the full pc. version, particularly tagging and indexing. camera is not as good as the original camera being on the dark side. a nice app. however adds not enough to warrant keeping. perhaps in the future updates. most notably is missing the side by side photo comparison which was the main reason for installation.",neutral,neutral,0.7555296421051025,0.02451702,0.75552964,0.21995339
nexus <number> and samsung s <number>,positive,neutral,0.5030577778816223,0.4098564,0.5030578,0.087085836
"crashing. app crashes and freezes constantly. on htc one m <number> , and the app is completely broken.",negative,negative,0.9588254690170288,0.95882547,0.032631684,0.00854281
plz provide watermarking <url>,positive,positive,0.6904453039169312,0.04249248,0.26706225,0.6904453
u can download all movies in any language at movie <url> it okkk,neutral,neutral,0.7533678412437439,0.17775165,0.75336784,0.068880506
pls add more features for android like iphone features,neutral,positive,0.5887688398361206,0.03085827,0.38037288,0.58876884
nice app but when i taking picture with this app i have little problem here the range have limited only <number> - <number> meter even i set focus to infinity still can't get to it. i shoot with pro mode <url> you can fix that it will be <url>,neutral,positive,0.6909757852554321,0.015557429,0.29346678,0.6909758
it's not a web browser. it's an ad browser,negative,negative,0.7824716567993164,0.78247166,0.19318694,0.024341404
a lot of a bug here,negative,neutral,0.6552428007125854,0.25951886,0.6552428,0.08523835
shame forest starts again every day would be nice to build a huge forest like monthly or so,positive,neutral,0.6386732459068298,0.11174059,0.63867325,0.2495861
"this app is so fun! my friends and family love exchanging silly bitmojis in our texts. the only reason why i gave it <number> stars is because i wish there was a way for your to organize the bitmojis, so you can quickly access certain ones instead of having to scroll through them or search. also, the outfits are pretty awful. they need a little more fashion. lol however, the art and creativity in the bitmojis are terrific!",positive,positive,0.8104860186576843,0.017976204,0.17153773,0.810486
i love it but we need video support!,neutral,positive,0.6891849637031555,0.055293765,0.25552127,0.68918496
the app is is good but,neutral,neutral,0.8153889179229736,0.038891926,0.8153889,0.1457191
it is taking forever to load. never had this issue before. just started a few weeks ago,neutral,neutral,0.6826075315475464,0.25145122,0.68260753,0.06594134
map stopped animating over a week ago on my samsung galaxy s <number> . please fix. used to be the <signature>,negative,negative,0.7485523223876953,0.7485523,0.22857484,0.022872813
"it definitely helps me stay focused and off my phone. the one complaint i have is that when i have my phone on silent/vibrate, when i plant a tree my phone goes into standard/sounds on mode. i don't like that at all, i have it on silent for a reason.",positive,positive,0.7702841758728027,0.013873487,0.21584232,0.7702842
one   for doing this nasty ios port,negative,negative,0.8084510564804077,0.80845106,0.15272,0.038828913
unmounted my sd card,negative,negative,0.945466160774231,0.94546616,0.043707285,0.010826515
why can i not delete saved locations? and ive read thtough it many times and dont see anyway at all to delte previously saved locations!!? im going to have to uninstall the app and then reinstall it to reset this location deleting issue u have!?!???,neutral,negative,0.9128146767616272,0.9128147,0.07650216,0.010683111
"lacks capability to browse for local file. no goto page option, <number> page documents impossible to read. no 'bookmark' to save <url> apps avail",negative,negative,0.564547598361969,0.5645476,0.4058651,0.029587341
bbm is easy to use and simple way for chating to my friends and <url> !,neutral,positive,0.9052918553352356,0.00999279,0.08471538,0.90529186
make it better please,positive,neutral,0.5878075361251831,0.027536204,0.58780754,0.38465622
"i liked the game as well as the concept. it would be better if it gave a sort of buzzer when time was up, and if you could add some personalization.",positive,positive,0.8415023684501648,0.011159407,0.14733821,0.84150237
"useful app nice app for opening documents, no adverts,easy to use and doesn't need a lot of experience",positive,positive,0.8817329406738281,0.0076116687,0.110655375,0.88173294
easy to book and great choice and information.,positive,positive,0.9397037029266357,0.009204891,0.05109141,0.9397037
never trust earth networks again,negative,negative,0.9127844572067261,0.91278446,0.073286206,0.013929308
what happened to the elite version i paid for?,negative,negative,0.963921070098877,0.96392107,0.02937327,0.0067056976
lots of problems with the map,neutral,neutral,0.729146420955658,0.1946858,0.7291464,0.076167725
simple and easy to use,positive,positive,0.9133204221725464,0.010257823,0.07642172,0.9133204
"enjoyed the app until the <url> then the ticker quit <url> the pop up ads in the ticker are annoying. when you get all that shut off in settings, it works great!",positive,positive,0.5380824208259583,0.028769411,0.4331482,0.5380824
radar does not work. will not stay on my home city.,negative,negative,0.9693314433097839,0.96933144,0.023195025,0.007473523
it would be nice if it was in different languages.,neutral,neutral,0.572147786617279,0.017514456,0.5721478,0.41033778
some tools can be available and improved without having to open an account or sign in each time like with drive but in general is pretty useful and have good features also please create the bin icon instead of the <number> dots and once you choose a file you can't delete only if you go back,positive,positive,0.7723002433776855,0.011742288,0.2159575,0.77230024
"i love it! however, i do a lot of work on my phone and so i would like an option to run the app while using my phone, without it killing a tree!",positive,positive,0.9039239883422852,0.014067447,0.08200859,0.903924
good app easy to use. the lens correction function doesn't seem to work though. but maybe i am unaware of how it's supposed to work.,positive,positive,0.6950860619544983,0.01042976,0.29448414,0.69508606
there should be feature by which we can see who saw my message in a group and who doesn't. like we have in what's app,positive,neutral,0.5761042833328247,0.02408897,0.5761043,0.39980674
"can we get this to, somehow, plant an actual tree? say, for a certain amount of trees grown succesfully a tree gets planted at some forest in need.",negative,neutral,0.48222529888153076,0.039399467,0.4822253,0.47837532
contains alot of ads,positive,neutral,0.592578649520874,0.26368695,0.59257865,0.14373443
can't search area,negative,negative,0.7570462822914124,0.7570463,0.21725735,0.02569638
good app for team communications,positive,positive,0.7407393455505371,0.0116237225,0.24763694,0.74073935
stopped showing up in my status bar,neutral,neutral,0.45430779457092285,0.44535106,0.4543078,0.100341156
use it for studying,positive,positive,0.8463943004608154,0.01965969,0.13394603,0.8463943
too much ads i dont want uc news stop showing me ads to download uc news,negative,negative,0.8797293305397034,0.87972933,0.10789576,0.012374834
installed this app on my zt <number> tablet but wont work annoying!,negative,negative,0.9229922890663147,0.9229923,0.067669965,0.009337796
the tree does not die no matter which app i <url> i have tried every setting possible but it doesnot <url>,negative,negative,0.546615719795227,0.5466157,0.41428426,0.039100084
i love  this app,positive,negative,0.4355895519256592,0.43558955,0.32512397,0.23928651
need to have female and males,neutral,neutral,0.611670196056366,0.3135236,0.6116702,0.074806206
add tick tick clock sound in it,positive,positive,0.7379133701324463,0.022877928,0.23920868,0.73791337
the radar won't work with samsung galaxy s <number> . so lame,negative,negative,0.9531111717224121,0.9531112,0.039335012,0.007553836
great app. and loads pdf docs faster than many other apps,positive,positive,0.9232701063156128,0.012409829,0.06432006,0.9232701
"fun app! wish i could draw some added details, but fun anyway.",positive,positive,0.7784561514854431,0.011440435,0.21010344,0.77845615
pretty cool app to have.,positive,positive,0.6044691801071167,0.013719657,0.38181114,0.6044692
"clumsy auto-import, but great overall",positive,positive,0.5217095613479614,0.015422319,0.4628681,0.52170956
useless without raw support,negative,negative,0.9701038002967834,0.9701038,0.022405002,0.007491214
tried to use it for my team at work but they just wanted to use the whatsapp groups they currently do which is basically the same thing.,neutral,neutral,0.5021032691001892,0.43823996,0.50210327,0.059656765
i think this a smart browser but opera mini fast then uc but good effort by devolpers,positive,positive,0.5854595303535461,0.023339722,0.3912007,0.58545953
i am facing problem while using it needed to work on user interface its getting slow and hangs sometimes,neutral,neutral,0.6281130313873291,0.27954692,0.62811303,0.092340015
"it's an ok app, compared to whatsapp and line messenger",neutral,neutral,0.7096189260482788,0.01338489,0.7096189,0.27699623
"won't open any .pdf files on my tmo vibrant (bionix <number> . <number> ), useless.",negative,negative,0.9721657037734985,0.9721657,0.020622263,0.007211986
can you fix the quality of display picture,positive,neutral,0.6304796934127808,0.060687624,0.6304797,0.30883268
can't move app to sd card,neutral,neutral,0.567080020904541,0.37309426,0.56708,0.059825707
good app but more facilities we exprcted,neutral,neutral,0.49675068259239197,0.022698307,0.49675068,0.480551
app works great. consider changing the red triangular notification to a solid red color in the notification bar in android. on my note <number> it appears as transparent in the notification bar at the top.,positive,positive,0.7610719203948975,0.016559454,0.22236855,0.7610719
plz update it it stick in the loading screen forever,negative,neutral,0.5672754049301147,0.35243863,0.5672754,0.08028598
i like it but i wish there were more things and i wish we could customize shirts and stuff,positive,positive,0.8948058485984802,0.0113082295,0.09388594,0.89480585
my messages aren't going through to anyone. please fix immediately.,neutral,neutral,0.502541184425354,0.4156459,0.5025412,0.0818129
"i love it, but i'll select one to use and then it will show the new one sent, but a short time later, it will show that i resent an old one, not the one i just selected.",neutral,positive,0.6570464968681335,0.040646806,0.3023067,0.6570465
my radar has stopped working! i've never had a problem with it until today please fix!,negative,negative,0.9435185194015503,0.9435185,0.04558082,0.010900672
working properly for awhile and crashes later on,neutral,neutral,0.5487542152404785,0.36879066,0.5487542,0.082455084
"a well-crafted, simple app",positive,positive,0.9221139550209045,0.010136842,0.06774924,0.92211396
it was okay at the start and got me focussed but my phone's screen timed out and locked and then my tree withered. please fix this,negative,neutral,0.7843937277793884,0.051424544,0.7843937,0.16418174
it's pretty useful!,positive,positive,0.8141810297966003,0.009240228,0.17657876,0.814181
why can my friends get the bitmojis with two people but i can't? frustrated.,neutral,neutral,0.5484399795532227,0.38295308,0.54844,0.06860696
remove obscene quotes and gestures,negative,negative,0.8618350028991699,0.861835,0.11305915,0.025105847
pretty good. app wish it let you face scan yourself.,positive,positive,0.8441551923751831,0.009185392,0.14665948,0.8441552
very good but crashes often,neutral,positive,0.5185534954071045,0.018507414,0.46293902,0.5185535
"lacking lens correction and blur features, otherwise i'd love it. please consider adding these, otherwise i'll have to use photo mate r <number> , cause while it doesn't have blur feature's it has great lens correction features so i can get my chromatic aberration effect : <number>",positive,positive,0.6214216351509094,0.020410437,0.35816795,0.62142164
the animation stopped working please fix!,negative,negative,0.9363980889320374,0.9363981,0.052283626,0.011318359
goood one no one can see images unless u do hd,positive,negative,0.5010890364646912,0.50108904,0.4347684,0.06414257
the app lags and consume lots of space.,negative,neutral,0.50140780210495,0.45823142,0.5014078,0.040360734
"great app, using for an <url> but, could it be upgraded with the feature 'desktop mode' ?",positive,positive,0.7907782196998596,0.011692307,0.19752948,0.7907782
it was good before,neutral,neutral,0.7136918306350708,0.20774129,0.71369183,0.07856698
i like the old spark better it was more accurate cuz it told you exactly how many miles away the lightning was now you gotta zoom in on the map just to see in a round about ways of where the lightning <url>,neutral,positive,0.6688558459281921,0.02488013,0.30626404,0.66885585
"i really like it, but for a while now it hasn't been making my tree die when i touch my phone. also, after completing a set amount of time there's another number underneath my tree. i can't figure out what this means.",positive,positive,0.5961446762084961,0.036373608,0.36748177,0.5961447
annoying buttons below the chat text box.,neutral,neutral,0.7032591104507446,0.16975093,0.7032591,0.12698998
i like this app for esuy to watch movie,positive,positive,0.8380644917488098,0.027419964,0.13451555,0.8380645
"aaa please tell me why it doesnt show my cherry blossom <url> i just unlocked it with <number> coins, and i cant find it to grow it. arghh its frustrating.",neutral,negative,0.5345340967178345,0.5345341,0.41756168,0.04790424
needs to save where you last left off thats all it needs <number> stars when it updates,neutral,neutral,0.5404661893844604,0.40578592,0.5404662,0.053747848
the app draws the mobile addict in you and plays with his/her psyche.,positive,positive,0.8261047601699829,0.035682995,0.13821223,0.82610476
it is helpful for fast downloading,positive,positive,0.8705121874809265,0.009972764,0.11951503,0.8705122
hard to access emojis/sticker,positive,negative,0.5814622044563293,0.5814622,0.381464,0.03707385
why this app has become so big? earlier it used to be only <number> mbs now its <number> . please reduce the size. <signature>,neutral,neutral,0.5960290431976318,0.30122292,0.59602904,0.10274798
directions make no sense,negative,negative,0.6441641449928284,0.64416414,0.30516943,0.050666463
great app for photography but,neutral,positive,0.7254428863525391,0.014294506,0.26026264,0.7254429
why can't they fix these issues,neutral,neutral,0.49556398391723633,0.41440228,0.49556398,0.09003372
not working with whats app,negative,negative,0.9261789321899414,0.92617893,0.06306682,0.010754344
you have to put the search option in the app,positive,neutral,0.6120253205299377,0.2404437,0.6120253,0.14753094
"its very usefull, also good <url> !!!",positive,positive,0.8963541388511658,0.010188007,0.09345786,0.89635414
"its good. but the problem is whenever i charge my phone, and the forest app has been running, the moment the charging the moment the tree died. and i do not get a single coin. lol is not my fault that the tree died, but what i got-o coins and a dead tree.",neutral,neutral,0.7934438586235046,0.031507455,0.79344386,0.17504868
tel me what to do,positive,neutral,0.6368827223777771,0.20928894,0.6368827,0.15382828
some websites say i don't have adobe even though i have this loaded.,neutral,neutral,0.5161530375480652,0.415321,0.51615304,0.06852595
it is easy to find your distination but there is always a less price,neutral,positive,0.6467892527580261,0.030867212,0.3223435,0.64678925
i havent many friends here,positive,negative,0.668508768081665,0.66850877,0.2990137,0.03247754
"would like updates on the sun over a <number> hour loop, as well as wind maps, water temps. but one of the <signature>",positive,positive,0.7698442339897156,0.009712179,0.22044353,0.76984423
where are the local adjustments?,positive,neutral,0.6136431097984314,0.17109293,0.6136431,0.21526396
very easy to <url>,neutral,positive,0.9061588644981384,0.011778342,0.08206281,0.90615886
easy to use very good deal.,positive,positive,0.9284106492996216,0.008971806,0.062617585,0.92841065
this app doesnt want to sign me up,neutral,negative,0.9658623337745667,0.96586233,0.027861904,0.0062757614
always showing install even it has already installed,positive,neutral,0.48433274030685425,0.11297134,0.48433274,0.40269595
the zooming feature is slow and consequently difficult to use.,neutral,neutral,0.709583044052124,0.22847626,0.70958304,0.061940607
great tool for on the go!,positive,positive,0.9163472056388855,0.009936643,0.07371614,0.9163472
raw format not supported,neutral,neutral,0.6537665724754333,0.270264,0.6537666,0.07596936
"it's a cool thing to have, but it won't sync up with the mozilla addon",positive,neutral,0.7807322144508362,0.03611245,0.7807322,0.18315525
great app but keeps crashing,neutral,neutral,0.5209066867828369,0.039820258,0.5209067,0.43927303
"bbm is good ,hate the adverts",positive,neutral,0.4945856034755707,0.41375953,0.4945856,0.09165489
how about a tablet ui?,neutral,neutral,0.6471447944641113,0.10766213,0.6471448,0.24519312
prefer the website more,neutral,neutral,0.6178427338600159,0.058721475,0.61784273,0.32343584
"good design. hope the plant real trees is a true story! also, why the highest ranking people are mostly asian? should expand your customers",positive,positive,0.8459543585777283,0.010584468,0.14346112,0.84595436
"i am not disappointed, but pixlr is still a way better software.",neutral,neutral,0.6707924008369446,0.22196732,0.6707924,0.10724022
"i love playing with bitmojis. the clothes in the personalization could use some updating, though. very little are things i'd ever actually wear. it would also be nice to add friends directly on the app to interact with their own bitmojis outside of snapchat.",positive,positive,0.8945223689079285,0.009575322,0.09590227,0.89452237
i love it. i just wish i could delete images that i find offensive and would never use.,positive,positive,0.8267888426780701,0.04266262,0.13054854,0.82678884
i think in the new update they let you color customize any hair style and let you put cuts in your eyebrows.,positive,positive,0.8849390745162964,0.01258515,0.10247579,0.8849391
automatically resizes with no way to change!!,negative,negative,0.7783911228179932,0.7783911,0.18759046,0.03401843
don't like the new update,positive,neutral,0.5160040259361267,0.42492002,0.516004,0.05907599
i like my bbm now . <signature>,positive,positive,0.8738395571708679,0.018121418,0.10803905,0.87383956
no more trees since update. just shrubs :'(,positive,negative,0.5376495122909546,0.5376495,0.38785952,0.07449099
would not updated on my phone and i tried like <number> times,negative,neutral,0.6866642832756042,0.23125648,0.6866643,0.082079284
"needs more body shapes and sizes, as well as face lines around nose/cheeks",positive,neutral,0.7091251015663147,0.028788812,0.7091251,0.2620861
took away floating head in txt,negative,negative,0.8158443570137024,0.81584436,0.16263472,0.021520987
stopped working on my phone since the last update. will bring rating up when the problem is fixed.,negative,negative,0.7994210720062256,0.7994211,0.18136188,0.019217119
works well. most of my pdf files require me to enter a username and password. this app will not allow me to. any chance of adding that?,neutral,neutral,0.7856206297874451,0.030751508,0.7856206,0.18362787
"it's <url> ,add select area <url> mean make selection by <url>",neutral,positive,0.7838059663772583,0.016132476,0.20006154,0.78380597
app doesn't always work. temp won't show in n status bar. doesn't keep track of moving locations,neutral,negative,0.6713624000549316,0.6713624,0.30987298,0.018764589
i hate this update,negative,negative,0.9674477577209473,0.96744776,0.02586073,0.006691473
new updates are beyond worse,negative,negative,0.5182977914810181,0.5182978,0.3849721,0.0967301
where is wbug elite i paid for???,negative,negative,0.9630599021911621,0.9630599,0.03013303,0.0068070935
make the time lapse between editing each feature shorter,positive,neutral,0.7359720468521118,0.06937606,0.73597205,0.19465193
add one more feature,positive,positive,0.7116807699203491,0.01933027,0.26898897,0.71168077
the app was useful but avg virus scanner said it contains malware so i'm uninstalling to be safe,negative,neutral,0.6584096550941467,0.22410868,0.65840966,0.11748162
i couldn't open it.,negative,negative,0.9620169401168823,0.96201694,0.030895459,0.007087517
i think that uc is very nice,neutral,positive,0.743327260017395,0.01813524,0.23853748,0.74332726
mis the original bbm,negative,negative,0.6446458101272583,0.6446458,0.30395487,0.05139932
new ui tanks usability,negative,positive,0.5030335783958435,0.05233367,0.4446327,0.5030336
this app is so good,positive,positive,0.5060687065124512,0.030257817,0.4636735,0.5060687
doesn't work on my htc droid eris!! can't open pdf attached emails. uninstalling!!,negative,negative,0.9710798263549805,0.9710798,0.022773134,0.0061470284
it's very good app for android mobile s,positive,positive,0.8743845224380493,0.011520475,0.11409504,0.8743845
temp is all wrong,neutral,negative,0.8799510598182678,0.87995106,0.102509364,0.017539538
id's easy to use and very helpful,positive,positive,0.9243544340133667,0.008224961,0.067420594,0.92435443
"it seems everytime we're about to get severe weather, the app stops working. radar doesn't work, storm tracking doesn't <url> most critical time for something to work is during or before a storm, such as we're supposed to get today. this app works great on bright, sunny <url> 't depend on it if a storm is brewing though. it will quit working on you.",neutral,neutral,0.6974303126335144,0.2091586,0.6974303,0.09341114
i guess its just the world i live in???,negative,neutral,0.5337589979171753,0.10146279,0.533759,0.36477816
just an idea. when editing/creating my bitmoji i think it'd be neat to have the option to mix and match parts of different outfits together or even change colours of parts.,positive,positive,0.704893171787262,0.016759876,0.278347,0.7048932
app is good. no weather forecast is <url> very vague predictions.,positive,neutral,0.7279651761054993,0.04831201,0.7279652,0.22372282
cannot attach pictures to reviews,neutral,neutral,0.6590211987495422,0.27769795,0.6590212,0.06328084
great weather app! easy to use and quick to load. only wish it was easy to find a forecast video on it.,positive,positive,0.9199575185775757,0.00840979,0.07163266,0.9199575
issue on local wifi,neutral,neutral,0.5918456315994263,0.23850656,0.59184563,0.16964786
i dont like this app,negative,negative,0.8836170434951782,0.88361704,0.100109525,0.01627332
on the right track,positive,positive,0.4724242091178894,0.09273768,0.43483815,0.4724242
best app for browsing,positive,positive,0.8934497833251953,0.008676143,0.0978741,0.8934498
needs a dark mode for the notification bar. hate the bright white glaring at me.,positive,neutral,0.7981159687042236,0.09286513,0.79811597,0.109018974
"good app, but it doesn't support gif in android",positive,neutral,0.8210757970809937,0.0533273,0.8210758,0.12559685
<salutation> i tried to sign in and i gave my email and password and from u a email also came but what next to <url> tried to click check again and continue but nothing happened,positive,negative,0.810223400592804,0.8102234,0.16907103,0.020705583
been using for several months now as a communication tool for various members of a nonprofit organization. it's only downfall that i can see are the occasional missed update alert and that there is no notification badge on the icon.,positive,positive,0.7218651175498962,0.03461971,0.24351524,0.7218651
works for what i need,positive,positive,0.7636685967445374,0.041738223,0.1945932,0.7636686
it's saying it's not up to date so i can't view my file. -htc evo,neutral,neutral,0.7122546434402466,0.18524107,0.71225464,0.102504306
when you know how to use it it's pretty fun and useful same with adobe photoshop touch i have a ton of fun with that but you just have to know how to use it or it will not be fun that's why people are reading it for star i read it <number> stars i love it but only because i know how to use it,positive,positive,0.6937547326087952,0.016648881,0.28959638,0.69375473
best app ever ( my opinion),negative,positive,0.812748908996582,0.031944852,0.15530623,0.8127489
doesn't tie your account to gmail - so every new phone (or reflash) you have to retype <url>,negative,negative,0.8101344704627991,0.8101345,0.17344116,0.01642436
great application for team collaboration,positive,positive,0.9323258996009827,0.010398684,0.057275422,0.9323259
"crash easily,make my phone <url> its a great <url> u!",positive,positive,0.5275242328643799,0.042149078,0.43032667,0.52752423
the menu bar above keyboard is annoying,positive,neutral,0.6491616368293762,0.26064962,0.64916164,0.0901888
it's an essential tool.,positive,positive,0.9134035706520081,0.011774693,0.07482169,0.9134036
this bbm doesnt work properly with the samsung notebook <number> . it is always showing limited bbm access. pls fix this,neutral,negative,0.8332561254501343,0.8332561,0.14710654,0.019637287
"unless i open the app, i get no notifications even when my name is mentioned",negative,negative,0.6252431869506836,0.6252432,0.33711454,0.037642274
it's good app but need more apps related chat process,positive,positive,0.5638871788978577,0.020771068,0.4153418,0.5638872
"doesn't open all pdfs. i do a lot of work dealing with architectural plans. this does not render all of the pdfs (some open fine, others open blank).",negative,negative,0.5980051755905151,0.5980052,0.37423187,0.027762985
quick way to book a motel when you need too,neutral,positive,0.6141691207885742,0.014356866,0.371474,0.6141691
can get out of the app by home button and use your <url> timer runs in the <url>,neutral,neutral,0.7127472162246704,0.15817337,0.7127472,0.12907939
"honestly a joke compared to the desktop version of lightroom. i have one of the most powerful phones in existence and this app can't even scroll without lagging. i reinstalled today, <number> months later to find not only has nothing changed but my trial has expired and i now need to pay to use a laggy gimped version of software i already own.",negative,neutral,0.5936450362205505,0.23613521,0.59364504,0.1702198
better for <url> !!!! you will try <url> !!!!,neutral,negative,0.5106454491615295,0.51064545,0.40138596,0.08796858
backup feature was awesome,positive,neutral,0.5427723526954651,0.25578672,0.54277235,0.20144089
amazing to use this one like superb,positive,positive,0.9213037490844727,0.012789517,0.06590673,0.92130375
i can't post on any website.,neutral,negative,0.7386143207550049,0.7386143,0.23165911,0.029726645
want some other features,neutral,neutral,0.6467099785804749,0.022228591,0.64671,0.3310614
this app is not user friendly,neutral,negative,0.7124109268188477,0.7124109,0.2489332,0.038655814
force closes <number> / <number> !,negative,negative,0.923987090587616,0.9239871,0.06085909,0.015153762
what a waste of this apps effort the image meta data are always show false info when export image to gallery,negative,negative,0.932390034198761,0.93239003,0.05757164,0.010038195
it's a nic app n helpful <url>,positive,positive,0.7991467118263245,0.0105121555,0.19034107,0.7991467
how to change time ??,neutral,neutral,0.6016656756401062,0.19778568,0.6016657,0.2005486
it's ok but this new version is not so impressive,neutral,neutral,0.8458276391029358,0.02364239,0.84582764,0.1305299
this is a good movie downloader,positive,positive,0.7354755401611328,0.01763694,0.24688756,0.73547554
want my old avatar can't find it,negative,negative,0.854290246963501,0.85429025,0.13106227,0.014647533
best of pdf file app,positive,positive,0.8234091997146606,0.02205591,0.15453494,0.8234092
i would have gave <number> stars if y'all had more cute outfits for the girls to wear that is seasonal appropriate,positive,positive,0.7483313679695129,0.027137732,0.2245309,0.74833137
was ok but i can easily use other apps when i press home,negative,neutral,0.8143934607505798,0.052903354,0.81439346,0.13270308
"useless. can't log in using the app at all. deleted and reinstalled several times, still no luck.",negative,negative,0.9715416431427002,0.97154164,0.021140905,0.007317505
"easy to use, but if i plant a tree to grow and then leave the app it doesn't die. don't know if that's a bug in the app, but knowibg it won't die once i exit the app gives me no reason to stay focused",positive,neutral,0.7974239587783813,0.09033981,0.79742396,0.11223624
cuts down on paper usage.,positive,negative,0.5369542837142944,0.5369543,0.4163541,0.046691675
<salutation> then dropped it. and now the radar animation doesn't work.,negative,negative,0.9612798094749451,0.9612798,0.03062225,0.008098018
"good idea, but too slow on android. much better on desktop.",negative,neutral,0.7637143135070801,0.052780163,0.7637143,0.18350554
"like everything about it, except that the radar animation is a little clunky.",positive,neutral,0.6165445446968079,0.02279708,0.61654454,0.3606584
it's the king when it comes on downloading from internet i really appreciate it,positive,positive,0.7769436240196228,0.04191666,0.18113975,0.7769436
"i'm using uc browser from many years and its was amazing but from the last update i got, it get <url> everytime i open new site, it shows an error everytime. please fix this.",neutral,neutral,0.603260338306427,0.30365935,0.60326034,0.09308033
cant install this app on my s <number> . error cant install in default location,negative,negative,0.9608043432235718,0.96080434,0.03382456,0.005371123
needs to include precipitation estimates,neutral,neutral,0.8368381857872009,0.042518567,0.8368382,0.120643355
new version is a step back,negative,neutral,0.44326052069664,0.3296597,0.44326052,0.2270797
great but watch little bug,neutral,positive,0.7556236386299133,0.012469466,0.2319069,0.75562364
i love this app.,positive,negative,0.38168320059776306,0.3816832,0.3128501,0.30546674
"love the idea, and as long as i didn't touch my phone notifications and such didn't ruin my progress. however if i try to exit out of the app (to use whitelisted apps like my calculator) then it 'killed' my trees.",neutral,positive,0.6301919221878052,0.03929526,0.33051282,0.6301919
"my mom found this before i did! i'm <number> and even i like it. lol great for all ages. you can make it look just like you to every detail, many clothes and accessory choices, and when you want to send a text to somebody they basically have everything you might want to say to somebody in a text or to reply back to somebody in a text message. plus cute little emojis of yourself doing things.",positive,positive,0.9252089858055115,0.009298702,0.06549229,0.925209
ads ads ads everywhere,neutral,negative,0.9408751726150513,0.9408752,0.05020692,0.008917968
has gotten a bit better since last review. i really like the lightning strike display. helps me with my lightning photos,neutral,positive,0.9033190011978149,0.008831741,0.08784925,0.903319
i really enjoy it,positive,positive,0.8687801957130432,0.018510897,0.11270894,0.8687802
i rely on accurate radar as i work outside everyday on a golf course. the daily and the hourly forecast constantly contradict each other though now and it's hard to figure out what the actual weather will be so i can only really rely on radar.,positive,positive,0.6834374666213989,0.037649754,0.27891275,0.68343747
"i enjoyed it, but the app deleted all of my purchases, such as trees and sounds",neutral,neutral,0.5108627080917358,0.058614623,0.5108627,0.43052262
so far it's good,positive,positive,0.5406062006950378,0.013603273,0.4457905,0.5406062
would like some custom messages when trees are planted,positive,positive,0.6881700754165649,0.014028865,0.29780105,0.6881701
used to be good,negative,negative,0.8102765083312988,0.8102765,0.17438792,0.015335597
make category select bradcast message!,neutral,positive,0.5325046181678772,0.08429735,0.383198,0.5325046
causes allot of problems will change dates etc when making a booking. prob better off staying with web page.,negative,neutral,0.744221031665802,0.13926259,0.74422103,0.11651632
reflow feature quirky. can't somehow help feeling suspicious it is bugridden inside.,negative,neutral,0.7817627787590027,0.12153365,0.7817628,0.09670354
i don't <url> i can't understand this appp,neutral,negative,0.6974153518676758,0.69741535,0.26033005,0.042254575
crashes on galaxy s,negative,negative,0.7538662552833557,0.75386626,0.21513127,0.031002494
force closes all the time. from a company with a good to great rep. i had expected better,negative,negative,0.7813592553138733,0.78135926,0.18337849,0.035262316
great <url> ruined with ads,neutral,negative,0.9565532803535461,0.9565533,0.034220535,0.009226213
worst experience at hotel,negative,negative,0.9703239798545837,0.970324,0.023372147,0.0063038166
heating and battery problem,neutral,neutral,0.4871138334274292,0.46060294,0.48711383,0.05228322
fed up with advertisements. oh my gosh. cannot tolerate this application anymore,negative,negative,0.9426729679107666,0.94267297,0.048930474,0.008396613
this is the fastest app searching mode,positive,positive,0.8209903240203857,0.022751981,0.15625767,0.8209903
"nice app for managing ongoing projects, teams, groups.",positive,positive,0.9340347647666931,0.009219933,0.056745343,0.93403476
is not allways up to date with current weather.,positive,neutral,0.7667439579963684,0.13597114,0.76674396,0.097284965
realy superrrr <url> saver app,positive,neutral,0.4966428577899933,0.124866776,0.49664286,0.37849027
<number> day trial? and then creative cloud?,negative,negative,0.912513017654419,0.912513,0.067592636,0.019894298
the print button keeps shutting itself down,positive,neutral,0.5058855414390564,0.4184961,0.50588554,0.07561832
average performance in download,neutral,neutral,0.7497290968894958,0.0892933,0.7497291,0.1609776
animation on radar stopped,negative,negative,0.9078994989395142,0.9078995,0.075911395,0.016189149
"so far so good. surfing is made enjoyably interesting, thumb ups.",positive,positive,0.8838605284690857,0.009076199,0.107063286,0.8838605
bbm sucks on my galaxy s <number> mini .,negative,negative,0.9058076739311218,0.9058077,0.08222719,0.011965114
what did i download?,negative,negative,0.7131093740463257,0.7131094,0.2410797,0.0458109
my favourite editing apl,positive,positive,0.8726567625999451,0.021591945,0.105751224,0.87265676
so easy to use and appropriate advice,positive,positive,0.9276649355888367,0.00858232,0.06375273,0.92766494
doesn't work properly.,negative,negative,0.9578391909599304,0.9578392,0.03523133,0.0069294474
"generally good, sometimes price filter doesn't work well.",positive,positive,0.6410008072853088,0.01117306,0.3478261,0.6410008
love this app pretty accurate,positive,positive,0.8771204352378845,0.025435524,0.09744407,0.87712044
as much as <number> degrees off!,negative,neutral,0.4537406861782074,0.37786555,0.4537407,0.16839375
used to be good,negative,negative,0.8102765083312988,0.8102765,0.17438784,0.015335597
"this app helps me be productive, but since the update, i can't plant the trees i had previously bought.",positive,neutral,0.5688663721084595,0.025216864,0.5688664,0.40591678
dell streak:force close sometimes. blank pages sometimes. need bookmark feature and ability to continue from last read page.,neutral,neutral,0.7647351026535034,0.16644612,0.7647351,0.06881876
"if your in a hurry, i'd recomed calling, it takes a wile to fill out the information.",neutral,neutral,0.6640336513519287,0.03932,0.66403365,0.29664633
good but not good as web version,positive,neutral,0.8321467041969299,0.05736153,0.8321467,0.11049176
problems working over wi-fi,negative,neutral,0.6897366642951965,0.25489503,0.68973666,0.055368353
it's ads all the way,negative,negative,0.6960226893424988,0.6960227,0.2638715,0.040105827
no password support <url>,negative,neutral,0.6622379422187805,0.2599738,0.66223794,0.07778825
"good, but not perfect",neutral,neutral,0.8446153402328491,0.03613687,0.84461534,0.11924777
i wish it would work offline,positive,neutral,0.501366913318634,0.047002528,0.5013669,0.45163053
cloud based apps do not work for me. with pathetic network services in our region it becomes frustrating to use. pity. will have to uninstall,negative,negative,0.9546447992324829,0.9546448,0.037605196,0.007749898
"so disappointed with this app! why would you delete an entire account without any warnings? see i'm not mad that you deleted my account because i had iran's ip address, i'm mad because you didn't even bothered to give me a chance to take back up of my files! do you understand how unprofessional this is? so disappointed!",negative,negative,0.9606413245201111,0.9606413,0.032737594,0.0066211494
this app is good,positive,positive,0.5737677812576294,0.023650242,0.40258202,0.5737678
"slow, laggy performance. thinkfree office opens my pdfs and allows smooth transitions and zooming.",negative,neutral,0.7277171611785889,0.22156858,0.72771716,0.050714243
since the update the radar doesn't work <url>,negative,negative,0.9122097492218018,0.91220975,0.07526601,0.012524237
"like the app, but could you please remove the external storage permission when i want to take a picture? i don't like granting apps dangerous permissions and i know you don't need it if you use the file provider api. <signature>",negative,neutral,0.6271806955337524,0.06102333,0.6271807,0.31179595
there is no print option i can find.,neutral,neutral,0.6428405046463013,0.29333317,0.6428405,0.063826315
<url> the picture size on bbm group is too small sometime not clear. also incoming bbm call is not detected or not showed in galaxy gear s <number>,positive,neutral,0.7198343873023987,0.12302726,0.7198344,0.1571384
got stuck on trying to confirm my booking and i lost the accommodation. after that force crash. uninstall. htc desire,negative,negative,0.9648246169090271,0.9648246,0.029147513,0.006027851
please fix the radar,negative,negative,0.8310393691062927,0.83103937,0.14151163,0.027448911
"good adjustment, bad storage",neutral,neutral,0.7744253873825073,0.06054787,0.7744254,0.16502674
coming from adobe this is absolute garbage. fails to open pdf files. it was only <number> kb. garbage.,negative,negative,0.9704243540763855,0.97042435,0.0229341,0.006641605
after i updated the new bbm version always getting <url> sometime the messages pending without ceklis my friend send in the morning but the messages coming after <number> or <number> hour <url> i saw on the messages the time when he send me a messages and this made my planning <url> should i didn't upgraded <url>,negative,neutral,0.6083917617797852,0.0689607,0.60839176,0.32264754
new update ruined the app,negative,negative,0.9647366404533386,0.96473664,0.026822073,0.008441274
a widget would be nice,positive,neutral,0.6558400988578796,0.026313752,0.6558401,0.3178462
there are ads now?,neutral,negative,0.5486913323402405,0.54869133,0.37517866,0.076129995
difficult when on vacation,positive,neutral,0.7702704071998596,0.041339055,0.7702704,0.18839052
notifications are bonkers. (will give <number> once fixed),negative,negative,0.5249634385108948,0.52496344,0.40640238,0.068634115
can't add new locations,neutral,neutral,0.6800881028175354,0.23930623,0.6800881,0.08060572
nice tool for inter-team communication,positive,positive,0.9310444593429565,0.008672339,0.060283262,0.93104446
it's download video very fast and all other thing,positive,positive,0.9122768044471741,0.010203495,0.077519715,0.9122768
"veru useful app only when used with its <number> rd-party integrations, yet flock is much better alternative for having more free features.",positive,positive,0.5722657442092896,0.027799152,0.39993513,0.57226574
doesn't <url> i'll go on other apps and the tree still <url> little i inventive to actually stay off the phone,negative,negative,0.6464895009994507,0.6464895,0.33210316,0.021407299
"when ever i update app,it won't work and i lost my all data many times",negative,negative,0.951590895652771,0.9515909,0.04155004,0.006859054
doesn't work much! where's the <number> version???,negative,negative,0.9058870077133179,0.905887,0.0828699,0.0112431245
nice app fast downloading,positive,positive,0.9062309861183167,0.007641651,0.086127385,0.906231
"the app is great, it's fun and helpful, tho when you click the home button, it doesn't die. you could fix that",positive,positive,0.8519758582115173,0.011411476,0.1366127,0.85197586
"easy to use, always <url> when you book thrue them, they will charge you too much.",neutral,positive,0.8920190930366516,0.009643821,0.09833707,0.8920191
there is no jump to page option so you have to flip through every single page! its a big waste of time.,negative,negative,0.9662280082702637,0.966228,0.026903069,0.006869011
great and easy to use,positive,positive,0.930022656917572,0.014413568,0.055563748,0.93002266
"cloud subscription, no <signature>",negative,negative,0.9342827200889587,0.9342827,0.050936747,0.014780435
great app to focus!,positive,positive,0.9084857702255249,0.014751538,0.07676272,0.9084858
pay when you arrive. err no,neutral,negative,0.8634185791015625,0.8634186,0.11666717,0.019914227
great apps for great team,positive,positive,0.9234625101089478,0.013485209,0.06305232,0.9234625
i like the appl because it connect me to a lot of people in my office,positive,positive,0.8768357038497925,0.016300771,0.10686349,0.8768357
can't open my bbm after updated,negative,negative,0.9422869682312012,0.94228697,0.048597064,0.009115989
cannot use for flash <url>,neutral,neutral,0.6267257928848267,0.3059516,0.6267258,0.06732265
won't work with my text messages and have to start a new conversation to use it in messenger,neutral,negative,0.9573047757148743,0.9573048,0.035225216,0.007470086
it crashes every time,positive,negative,0.8486913442611694,0.84869134,0.12748548,0.023823109
great app for group family communication across multiple types of devices and countries,positive,positive,0.9384960532188416,0.0099092135,0.05159474,0.93849605
it was great radar sucks now,negative,negative,0.9690422415733337,0.96904224,0.02442314,0.0065346877
missing a tablet version,neutral,neutral,0.7440122365951538,0.114723586,0.74401224,0.1412642
the browser is used very fast connecting browser,positive,positive,0.4820757508277893,0.077755794,0.44016838,0.48207575
i want a etc wallet that's all i want to invest <url>,negative,positive,0.44145065546035767,0.124933966,0.43361542,0.44145066
not so much but good,positive,neutral,0.763024091720581,0.01873714,0.7630241,0.21823883
well the app is kinda <url>,positive,neutral,0.6265941262245178,0.054801054,0.6265941,0.3186048
the program is very slow and can be unresponsive. there is no bookmake setting. pages take a very long time to load even when zooming in and out.,negative,neutral,0.5589205622673035,0.4062968,0.55892056,0.03478267
totally invasive and inappropriate for development. it kept people talking for every detail for hours. kill innovation and efficiency. cannot replace skype so another chat cheater. a waist of time in communication. one good point if you can make your competitors to use it. they will collapse.,negative,negative,0.9660261869430542,0.9660262,0.026222518,0.007751364
i love it. but i think it would be better to add angle correction as well is needed sometimes and i don't like having to use other apps to do this.,neutral,positive,0.8509315848350525,0.015882643,0.1331858,0.8509316
the emoticon not <url> :'(,neutral,neutral,0.5356866717338562,0.34830734,0.5356867,0.11600591
good app. had full version but they took it away. would like it back. radar not working. layers are not working. must be a weather bug.,neutral,neutral,0.7716174721717834,0.07371567,0.7716175,0.15466681
can't import my booking? what's the point of getting this app? anyone?,negative,negative,0.9141203165054321,0.9141203,0.073618956,0.012260715
"the app sometimes gets stuck on a certain temperature and you have to actually click on the app to get the correct temperature to pop up, but at least with this app i can actually get the <number> -day and hourly forecast pages to load which is something i can't get with accuweather. so i guess what i'm saying is it's probably the <signature>",positive,positive,0.5473377108573914,0.02707499,0.4255873,0.5473377
"great, but occasionally crashes",positive,positive,0.5555413365364075,0.023970956,0.42048773,0.55554134
"crap, takes ages to loads and lags on all docs, standard pdf viewer much better",negative,negative,0.9675688147544861,0.9675688,0.026600549,0.0058305557
it stops working frequently,neutral,neutral,0.5322673916816711,0.37569597,0.5322674,0.09203666
like it more than most weather apps i've tried. would recommend!,positive,positive,0.8896902203559875,0.008799407,0.101510406,0.8896902
stupid trees. too much green. too cute. memory hog. deleted it.,negative,negative,0.9681366682052612,0.96813667,0.026379475,0.0054838657
plz add readout loud feature in application,positive,positive,0.6584416031837463,0.035282966,0.30627546,0.6584416
"give error, stuck onopening",negative,negative,0.8348107933998108,0.8348108,0.14582297,0.019366238
the radar map only shows past not current,neutral,neutral,0.47420260310173035,0.46000218,0.4742026,0.0657952
"the worst, the most bugged app that i've ever seen in my life! always crashing for no reason!",negative,negative,0.9725657105445862,0.9725657,0.02100858,0.006425689
this does not work with my phone i exited the app for ages and my tree still grew.,negative,negative,0.9665409326553345,0.96654093,0.02669606,0.00676302
the application is too slow. sometimes it just wont select the options.,neutral,neutral,0.8355440497398376,0.060991034,0.83554405,0.10346494
useless doesn't open email attachments on lg optimus,negative,negative,0.9701851606369019,0.97018516,0.023876853,0.0059379935
its a very good app,positive,positive,0.8315207958221436,0.01012943,0.15834977,0.8315208
good up to date service,neutral,positive,0.6539967060089111,0.0117031215,0.33430013,0.6539967
luv it but u should allow us <number> make more than one character then i'll give u <number>  's,neutral,neutral,0.6980881094932556,0.045283545,0.6980881,0.2566283
"app does what it has to do, but would it be possible to implement a harder way to cancel the growth of your tree? now it takes about <number> seconds. you could make another cancel button which you have to press for <number> minute without releasing it to unlock your phone. gives you time to think if you really need to unlock it. <signature>",neutral,neutral,0.6916342973709106,0.061523147,0.6916343,0.24684262
need full raw hdr for lg v <number> !!!,neutral,neutral,0.7308912873268127,0.08304984,0.7308913,0.18605891
it wont even let me log in!!!,negative,negative,0.9684915542602539,0.96849155,0.024973888,0.006534557
wouldn't search any locations.,negative,negative,0.9308094382286072,0.93080944,0.061550982,0.0076395106
new version is not intuitive.,negative,neutral,0.6086419820785522,0.28759673,0.608642,0.103761256
image previews don't work,positive,negative,0.7451712489128113,0.74517125,0.22717786,0.02765086
"its great, just too many ads",positive,positive,0.8177929520606995,0.02072868,0.16147839,0.81779295
radar has stopped working,negative,negative,0.9564708471298218,0.95647085,0.035373386,0.0081557715
has been treating me well for years,positive,positive,0.7497347593307495,0.02499166,0.22527358,0.74973476
animated radar not working,negative,negative,0.9438953995704651,0.9438954,0.046137314,0.009967221
problems with internet connection s <number> edge,neutral,neutral,0.5900064706802368,0.3417958,0.5900065,0.06819775
"another login and account needed, mediocre editing",negative,neutral,0.5605077743530273,0.38830042,0.5605078,0.051191725
i need a tab for news language i don't want it to be default for the place i live in my native language may be different. please look into it,positive,neutral,0.53021240234375,0.046524104,0.5302124,0.42326355
"idea is nice, <url>",neutral,neutral,0.7392185926437378,0.046980266,0.7392186,0.2138012
useless and hang in itself,negative,negative,0.968545138835907,0.96854514,0.024081126,0.007373757
lagging on nvidia shield tablet,neutral,neutral,0.6732949614524841,0.23400198,0.67329496,0.09270306
less taps &gt; more taps is not always true! this update clutters up the mobile app and looks horrible! bring back the drop down menu.,positive,negative,0.9636719226837158,0.9636719,0.029908394,0.0064196037
great mobile app for a great platform,positive,positive,0.9085344076156616,0.014903848,0.07656173,0.9085344
easiest way to keep all my accommodation details with me when i travel.,positive,positive,0.9111766219139099,0.0076048486,0.08121857,0.9111766
"there is no way to search or jump to the pages i want. so, in a <number> page document, i have to page down until i get to where i want. very poor!",neutral,negative,0.9695512652397156,0.96955127,0.023371622,0.0070771407
crashes on z <number> compact,neutral,neutral,0.6625508666038513,0.2676807,0.66255087,0.06976849
"can't delete any of the pdf files! someone ,help mytouch <number> g",neutral,neutral,0.6043280363082886,0.11151373,0.60432804,0.28415826
somethings wrong with this app,positive,negative,0.6168280839920044,0.6168281,0.3455736,0.037598383
well organized app. offers better deals than the hotel itself.,positive,positive,0.9305826425552368,0.010283924,0.05913339,0.93058264
faster than other app,positive,positive,0.6148057579994202,0.03649361,0.3487006,0.61480576
"decent, but needs ability to define custom notification sound. the built-in ones are too quiet and the 'device default' is too general.",positive,neutral,0.6991599202156067,0.020491207,0.6991599,0.2803489
"if you have difficulties staying focussed, then this is definitely the app for you. as trivial as it sounds, there's a real sense of satisfaction in seeing your forest grow the more time you log. the only thing i would say which could be added is social email support or facebook integration, which i believe is already a feature on the ios version. some of my friends are using it too, and seeing their forests grow (perhaps even on some kind of map next to mine?) would add an element of healthy competition!",positive,positive,0.6956787705421448,0.020848392,0.28347284,0.6956788
would be better with out ads,positive,neutral,0.6526634693145752,0.08965586,0.65266347,0.25768065
<number> star 'coz why we have to request hd quality picture first? oh <url> nobody need bad quality picture. washing <url> another chat app more better !!,neutral,negative,0.5403069853782654,0.540307,0.3971515,0.062541544
"my screen goes off, but when i unlock my phone, my tree dies. makes the app pointless as it forces me to keep the screen on which is distracting. great concept though.",neutral,neutral,0.7628417611122131,0.10368889,0.76284176,0.13346933
it will be better if the apps allow users to listen music while studying or doing their things,positive,positive,0.5094584822654724,0.030212568,0.46032897,0.5094585
the app is free on android but why can't i use my new unlocked tree?!,negative,neutral,0.5865433812141418,0.2916381,0.5865434,0.121818505
"not ideal, but better than a few other ""freeware"" options there with lots of adds or crappy ui.",positive,neutral,0.8113808631896973,0.027150901,0.81138086,0.1614683
add break or pause option plz,positive,positive,0.5371787548065186,0.022327363,0.4404939,0.53717875
good effort <url> try to send correct notification of the news or story.,positive,positive,0.7238941788673401,0.013078966,0.26302686,0.7238942
doesn't work keeps saying bad internet connection but all other apps work.,negative,negative,0.8151896595954895,0.81518966,0.16780399,0.017006334
did not install this app. all i did was update my phone and it was there and i can delete it! very annoying!!!,negative,negative,0.9394609332084656,0.93946093,0.051218085,0.009321063
last updates causing problems.,neutral,neutral,0.5032790899276733,0.44503585,0.5032791,0.051685106
"stupid app many many ads ,don't download this app",negative,negative,0.9727500081062317,0.97275,0.021327484,0.0059225084
too much buz for nothing so special.,negative,neutral,0.6496772766113281,0.2117099,0.6496773,0.13861282
simple but effective app to end smartphone addiction,positive,positive,0.870316207408905,0.010515451,0.11916837,0.8703162
technology at its <signature>,positive,positive,0.8463378548622131,0.029695656,0.12396652,0.84633785
"editing is all about precision, of which this isn't good at. trying to crop is like throwing stones at a picture frame on a wall and hoping it sticks. when you get it you accidently press another button and all the work is <url> still needs some refining",neutral,neutral,0.7063242793083191,0.042181343,0.7063243,0.25149432
used to love <url>,neutral,negative,0.8041179180145264,0.8041179,0.18002005,0.015862018
bbm is really gud,positive,neutral,0.5172069072723389,0.176785,0.5172069,0.30600807
still a good app,neutral,neutral,0.6528747081756592,0.019364571,0.6528747,0.32776076
"looks nice but the live radar always zooms in to close, i like to see the entire area around my location.",positive,positive,0.7806540131568909,0.01006701,0.20927896,0.780654
creeping permissions. no <signature>,negative,negative,0.9170626997947693,0.9170627,0.065824926,0.017112345
don't expect to be productive on the tube,negative,negative,0.6337851285934448,0.6337851,0.3369613,0.029253652
huge apo. does not have move to sd card. standard reader v. good. uninstalling.,negative,negative,0.9630626440048218,0.96306264,0.029095897,0.00784145
too many push and price not clear,neutral,negative,0.5560069680213928,0.55600697,0.399869,0.04412397
great app but updated the app but the bug is still there where the animation plays without accessing the app so you have to tap screen to gain access to home screen. that bug has been there forever please fix!,neutral,neutral,0.5409755110740662,0.043755345,0.5409755,0.41526908
like it but need better notification settings,positive,positive,0.6328160166740417,0.013903849,0.35328016,0.632816
being a motorcycling enthusiast i like to know where the rain is and what direction it's heading.,positive,positive,0.8854299783706665,0.014602046,0.099967934,0.88543
radar no longer works,negative,negative,0.9674220085144043,0.967422,0.024616135,0.007961846
why i cannot play my download video?,neutral,neutral,0.4856899082660675,0.41340968,0.4856899,0.100900404
as an alternative in contacting people,positive,positive,0.646242618560791,0.024253912,0.32950345,0.6462426
crashes all the time tells you there is no memory even on sd card. won't let you use if you decline push notifications,negative,negative,0.8991708159446716,0.8991708,0.09145982,0.009369445
what's the point?,negative,negative,0.8698452115058899,0.8698452,0.111536264,0.018618463
"i used to really love this browser but now it's just annoying .when i download files sometimes it tells me ""file doesn't exist"" and i have to redownload ,plus it lags .",negative,neutral,0.7239219546318054,0.2078612,0.72392195,0.06821682
its good but i think it should add like fortnite emojis or other characters,positive,positive,0.6044475436210632,0.0143466685,0.38120574,0.60444754
its good but now a days it slow,neutral,neutral,0.6633577942848206,0.015180221,0.6633578,0.32146195
"the emojis you can make out of it are great! however, it would be nice to implement the character doing different kinds of sports. also the app didn't have my face shape, hairstyle, and the mouth was too big for me. basically i had to go with what i could find that looked the most like me, and a bunch of people still thought that the bitmoji looked nothing like me. something else i'd like to add is that maybe for the female character, put some outfits that are t-shirts and moderate shorts, not just short shorts. i couldn't find my usual attire because of that. overall, my bitmoji only looks a bit like me so if you guys can change the face, costumes, and facial features to let more people have an accurate character, it'd be great. <signature>",positive,positive,0.8010612726211548,0.013393539,0.1855452,0.8010613
throw this app to garbage,negative,negative,0.966896116733551,0.9668961,0.026326433,0.0067774365
very nice and helpful <url> luving <url>,positive,positive,0.9096313714981079,0.012351139,0.07801741,0.9096314
it will be better if there will be option to archive a chat,positive,neutral,0.6380056738853455,0.018257948,0.6380057,0.34373632
requesting to build a bigger forest!,positive,negative,0.533394992351532,0.533395,0.3884057,0.07819924
stop the stupid ads,negative,negative,0.8159753084182739,0.8159753,0.15458997,0.02943474
spark lightening no longer working,neutral,negative,0.8662124276161194,0.8662124,0.10964322,0.024144435
"slowly slowly you are making it worst app but it's your app you can do anything after all you are communist. see i don't like your inbuilt pdf viewer,video viewer app so allow user to use apps like adobe pdf reader and mx <url> and the new problem is the facebook video is not working <url> earlier i have given <number> star rating but now you are decreasing quality <url>",negative,neutral,0.5327973961830139,0.37658453,0.5327974,0.09061812
doesn't export my photos most of the time,neutral,negative,0.7313973307609558,0.73139733,0.24872287,0.019879742
still need to improve,positive,neutral,0.5541768074035645,0.03168249,0.5541768,0.4141407
no philippine peso currency?,neutral,negative,0.6480597853660583,0.6480598,0.30269566,0.04924458
"i downloaded this app specifically to merge photos together on my backpacking adventures whilst eliminating the need for a laptop. sadly, it does not have the function to merge photos for panoramic or hdr.",neutral,neutral,0.590615451335907,0.3307433,0.59061545,0.07864119
"pretty effective but i just noticed it doesn't pick up the usage of one of my most distracting apps (bacon reader for reddit). i was on it and thought oh no my tree! opened up to find it wasn't triggered. double checked my white list etc, everything was proper. if it doesn't block that it becomes pretty useless in my eyes",positive,neutral,0.49185991287231445,0.029040407,0.4918599,0.47909972
"awesome app. it would be sooo useful to have one button access to the lastest posts accross all channels and all workgroups, i find im spending much time digging around for the latest posts.",positive,positive,0.8908913731575012,0.010770229,0.09833839,0.8908914
its good and so easy to use,positive,positive,0.8307979106903076,0.00995342,0.15924868,0.8307979
this isn't as good as it's siblings,negative,neutral,0.6710721850395203,0.27722454,0.6710722,0.051703304
app is good service,neutral,positive,0.5302464962005615,0.037633367,0.4321201,0.5302465
app thinks i am a man :'),negative,neutral,0.5123284459114075,0.31509638,0.51232845,0.1725751
will not work correctly. i tryed to set the map in motion and it will not move!,negative,negative,0.9631412625312805,0.96314126,0.028901843,0.007956945
super cute but kind of difficult to use on the spot.,positive,positive,0.6513057351112366,0.014215029,0.33447924,0.65130574
"nice, but couldn't find night mode.",positive,neutral,0.6543275713920593,0.018258741,0.6543276,0.3274136
"insanely unreliable - wont let me accept invites to other workspaces nor will this application even show me the invite - login inconsistency, i can auto-login with the app but when i type my password in non-app login screens it wont work. its the same password i use for other applications and i successfully login each time.",negative,negative,0.9579066634178162,0.95790666,0.036009897,0.0060834065
cant search without creating an account! they need your email so the can sell it to spammers! unistall!,negative,negative,0.970020592212677,0.9700206,0.023431653,0.0065477327
only good not <signature>,neutral,neutral,0.7537277340888977,0.04831635,0.75372773,0.19795604
it is a waste app and waste of time. it is only useful for downloading the movies,positive,negative,0.9647141098976135,0.9647141,0.026723303,0.008562496
it's fast and i can always use it to download,positive,positive,0.8501430749893188,0.013180892,0.1366761,0.8501431
have to use and see,neutral,neutral,0.5012054443359375,0.18185598,0.50120544,0.31693864
good but some issues,positive,neutral,0.5988445281982422,0.013815561,0.5988445,0.3873399
plz see sex movies it's nice in this,neutral,positive,0.5119670033454895,0.023477493,0.4645555,0.511967
wont open. it always crashes and my phone reports it having multiple errors in <number> week,negative,negative,0.9668921232223511,0.9668921,0.02700223,0.0061056586
fcs on a <number> page pdf. really?! even on my stock evo that's awesome? this reminds me of flash player on my laptop- always causing problems. adobe = crap,negative,negative,0.6158040165901184,0.615804,0.3330667,0.05112932
"the worst app ever can't download a single <url> my downloads have been ""unsuccessful""",negative,negative,0.9724501967430115,0.9724502,0.020691108,0.006858739
needs text search and in-document link support.,neutral,neutral,0.7043452262878418,0.025971351,0.7043452,0.2696834
it's a great app. love it and good job,neutral,positive,0.9033288359642029,0.01734847,0.07932273,0.90332884
"sometimes wonky when on wifi, but that could be internet connection issue. also wants to have high accuracy location on which will drain your phone quickly.",neutral,neutral,0.8181862831115723,0.08390233,0.8181863,0.09791137
why am i now seeing ads? lame!,negative,negative,0.9010134339332581,0.90101343,0.08419421,0.014792387
you had one job,positive,negative,0.8922908902168274,0.8922909,0.09191322,0.0157958
"it would be nice if there was an option to record voice messages.    nuisance: when i press 'backwards' in my android, i am thrown out of the app, instead of going backwards to the messages list.    nuisance: i don't see a list of last messaged people in chronological order but randomly. this drives me <url>",neutral,neutral,0.7406818270683289,0.038827214,0.7406818,0.22049099
not replacement for the desktop app,neutral,neutral,0.6927109360694885,0.14382897,0.69271094,0.1634601
great app to communicate with family and friends.,positive,positive,0.9343798160552979,0.010776256,0.054843932,0.9343798
best chat application ever,neutral,positive,0.8664425015449524,0.023034092,0.11052335,0.8664425
good app bt needs new features,neutral,neutral,0.49308890104293823,0.018582866,0.4930889,0.48832828
it requires access permission n i dont know from where to turn on so can u plz tell m!!,neutral,negative,0.9053162932395935,0.9053163,0.08394596,0.010737791
uffff!!!! plzz don't downloaded this,negative,negative,0.9075708985328674,0.9075709,0.079966016,0.012462996
good <url> lacks some essential features,positive,neutral,0.6448249220848083,0.019347778,0.6448249,0.33582726
"the app is ok but the camera should no have any sound when you take photos, that problem is quite annoying",neutral,neutral,0.8541891574859619,0.040854692,0.85418916,0.104956135
installation corrupts gmail db on n <number> android <number> . <number>,negative,negative,0.9351860880851746,0.9351861,0.054904066,0.009909878
i think it's a great start app!,positive,positive,0.8087382316589355,0.016412085,0.17484972,0.80873823
radar has been freezing and not moving for last month. deleted it after all this time. pos!!!,negative,negative,0.9677399396896362,0.96773994,0.025836881,0.006423175
ok till it goes wrong,neutral,neutral,0.8022679686546326,0.056779142,0.80226797,0.14095293
i rely on weatherbug every day.,positive,positive,0.8912134170532227,0.016047657,0.09273892,0.8912134
"love this app, especially the lightening strike tracker.",positive,positive,0.8963556289672852,0.018845333,0.08479898,0.8963556
there's still more to it.,positive,neutral,0.6567996740341187,0.083601475,0.6567997,0.25959888
very basic and subscription based,negative,positive,0.5316032767295837,0.111176334,0.35722044,0.5316033
no words great app,positive,negative,0.8131532073020935,0.8131532,0.15269974,0.03414707
"im not use as well, i think it is bad application, i dont like.",negative,negative,0.6650471091270447,0.6650471,0.2900029,0.04494999
keeps saying photos not found whwn trying to send/ attach to people. using a note <number> <url> its not <url> it <url> pwrfect for what application i needed it for. will try again when i get new phone in a couple weeks.,negative,negative,0.6525866985321045,0.6525867,0.316601,0.030812226
helpful for book reading,positive,positive,0.9141925573348999,0.008483207,0.07732425,0.91419256
sometimes slow but yet efficient.,positive,positive,0.7806819081306458,0.012518691,0.2067994,0.7806819
for some reason the keyboard doesn't work on my phone. and i can't do couple's bitmojis with my wife. but it's fun to use with her anyhow,positive,positive,0.568280816078186,0.016269635,0.41544953,0.5682808
make anoying bc different ring with chat ring,neutral,positive,0.7042490839958191,0.042325687,0.2534252,0.7042491
"please make the browser application sync-able with android phones. i was able to sync a few days ago, but now it only syncs with an ios account.",positive,neutral,0.743911623954773,0.11995322,0.7439116,0.1361352
great app. would have been a <number> if avatar could be edited,neutral,positive,0.8702057600021362,0.019849105,0.10994513,0.87020576
poor cousin to the desktop app,neutral,negative,0.9072989225387573,0.9072989,0.07994712,0.012753928
i get notification for update but i can't update my bbm. please fix it.,neutral,neutral,0.6192577481269836,0.270923,0.61925775,0.10981925
it wont let me download its saying it is but not getting it,negative,negative,0.9479066729545593,0.9479067,0.04451533,0.0075779674
force closed zenfone <number>,negative,negative,0.9150123596191406,0.91501236,0.06777306,0.017214531
cloud service only idea bites,negative,neutral,0.5647859573364258,0.2371009,0.56478596,0.19811314
i can't sign <url> :'(,neutral,negative,0.7226217985153198,0.7226218,0.23309766,0.04428057
horrible for one reason,negative,negative,0.9662880897521973,0.9662881,0.026802972,0.006908852
<salutation> opening unwanted liks,negative,negative,0.7247156500816345,0.72471565,0.21875012,0.056534268
won't let me end chat,negative,negative,0.8818262219429016,0.8818262,0.10396466,0.014209115
"nice, but flow could be better.",positive,neutral,0.5523179173469543,0.013354129,0.5523179,0.43432796
it just froze up a few days <url> doesn't work at all when i click on it,negative,negative,0.8967917561531067,0.89679176,0.09252066,0.010687596
the news which displays on the welcome page is very annoying and vulgar have to be very careful when giving it to the children's at home to surf the internet and we had to use other browser in front of others as your front page containt all the vulgarity in news most of the people don't know how to disable news. the option should be visible on the front screen itself,negative,negative,0.5614115595817566,0.56141156,0.37450734,0.06408107
seems impossible to make a review,neutral,neutral,0.7668779492378235,0.17306246,0.76687795,0.06005964
reflow doesn't let you move from what's on the screen. no option to go to specific pages directly (really? scroll through a <number> + page book everytime?),neutral,neutral,0.6630858778953552,0.2904013,0.6630859,0.04651282
low score due to the lack of a dark theme/night mode in <number> !,neutral,negative,0.5718306303024292,0.57183063,0.38411757,0.044051804
"no floating head, why",negative,neutral,0.4799678921699524,0.4414946,0.4799679,0.07853754
bad on sms blocking,neutral,negative,0.8591362237930298,0.8591362,0.122429445,0.018434381
hated the new update,negative,negative,0.9588258266448975,0.9588258,0.034497473,0.0066766567
i find it a bit odd that the app doesn't automatically open a file. i have to go to the app and open the file from there.,positive,neutral,0.720400333404541,0.03141864,0.72040033,0.24818103
the weather people are always wrong they suck,negative,neutral,0.4853551685810089,0.45951176,0.48535517,0.055133093
"no ""go to page"" feature? really?",neutral,negative,0.6830160617828369,0.68301606,0.2774237,0.039560173
caused ipad safari to stop working,negative,negative,0.9252608418464661,0.92526084,0.06262404,0.012115115
it's a good app to communicate with team instantly,positive,positive,0.8785094022750854,0.00997639,0.11151419,0.8785094
garbage. worthless app. i hope someone comes up with one better and more organized for people use. makes no sense. cant navigate. not worth the headache.,negative,negative,0.9717254042625427,0.9717254,0.02063744,0.0076371753
good but seems to be a battery drainer on lollipop,neutral,neutral,0.7427053451538086,0.016376138,0.74270535,0.24091855
like the funny <url>,positive,positive,0.6153654456138611,0.024292096,0.3603425,0.61536545
"useless app, doesn't work as described",negative,negative,0.9728321433067322,0.97283214,0.020647788,0.006520084
pdf viewer works much smoother and loads faster,negative,neutral,0.5317482948303223,0.04862658,0.5317483,0.41962513
awesome app with awful ux,neutral,negative,0.6934937238693237,0.6934937,0.22658771,0.07991862
<salutation> why most of the time. when i finish downloading video and going to play it. it says failed to open its not like this before using old version.,negative,negative,0.546510636806488,0.54651064,0.405039,0.04845039
couldn't get edited photos out of lightroom!,negative,negative,0.7615587115287781,0.7615587,0.22013977,0.01830152
the update sucks!!! i lost all the trees i previously unlocked.,negative,negative,0.9705945253372192,0.9705945,0.023312092,0.0060933596
the cancellations are confusing and the will double charge,neutral,neutral,0.6714478731155396,0.26624888,0.6714479,0.062303215
"great, but eset is going off",positive,neutral,0.5089172720909119,0.022098893,0.5089173,0.46898386
it is too slow app.,negative,neutral,0.5402154922485352,0.38378003,0.5402155,0.076004475
good & need more development options,neutral,positive,0.5909162163734436,0.012038508,0.39704528,0.5909162
browsing fast but before download its doing re direct and suggest an other app.,positive,neutral,0.7205092310905457,0.055014156,0.72050923,0.22447664
please fix as soon as <url> cannot send message n dont have received feeds,negative,neutral,0.5721012353897095,0.3277716,0.57210124,0.100127146
too many ads dude,negative,negative,0.5755109786987305,0.575511,0.36628065,0.058208387
through this app i get amazing deals,positive,positive,0.8885406255722046,0.02805689,0.08340254,0.8885406
very helpful & useful for media <url>,positive,positive,0.9237572550773621,0.010741472,0.06550124,0.92375726
very helpful the apps,positive,positive,0.9209192395210266,0.011302216,0.067778565,0.92091924
update screwed the app over,negative,negative,0.9543981552124023,0.95439816,0.037801903,0.007799985
i love the variety of fashion styles this app offers. really digging on the poses & emotion statements. emoji id me. a ok,positive,positive,0.9217408895492554,0.0133361155,0.06492296,0.9217409
except advertising everything is fine,positive,neutral,0.6271174550056458,0.06283863,0.62711746,0.31004387
does what it's meant to do,positive,neutral,0.652989387512207,0.09635453,0.6529894,0.250656
it's bad browsing with opera,positive,neutral,0.5607825517654419,0.3898338,0.56078255,0.04938369
storm warnings are behind. weather warnings just seams to be behind,neutral,neutral,0.6490828990936279,0.25025272,0.6490829,0.100664414
not really but they had an annoying notification getting me to rate the app so,negative,neutral,0.7669040560722351,0.0448745,0.76690406,0.18822141
was better before they started messing with it. but still a bit of silly fun,neutral,neutral,0.7265918850898743,0.087540835,0.7265919,0.18586722
can no longer save locations.,neutral,negative,0.9220617413520813,0.92206174,0.06769489,0.010243406
"i use to like this app. but now the radar animation don't work,and i use to like that. i see it doesn't work for other people either sence the upgrade.",negative,negative,0.5078455209732056,0.5078455,0.44378588,0.04836861
it works but thats it,neutral,neutral,0.7122283577919006,0.10860703,0.71222836,0.1791646
"next update have any problems after i'm updates its say bbm not responding, and refresh page is take a long time, maybe <number> minutes, why the hell??",neutral,negative,0.7942113280296326,0.7942113,0.1784359,0.027352814
"just downloaded it, and haven't had the chance to use it much.",positive,negative,0.8260776400566101,0.82607764,0.1566026,0.017319718
inferior to the ios version.,neutral,neutral,0.5564635992050171,0.40465498,0.5564636,0.038881443
"this app just simply doesnt care if i have allowed the data access or not. despite completely stopping the access to mobile data and wifi, it still runs in the background, connects with the internet and receives the texts. extremely intrusive and not something to have installed on your phone. if this is how it behaves, then it can't be trusted. uninstalled.",negative,negative,0.9527584910392761,0.9527585,0.04007148,0.007170099
quick booking. many options.,positive,positive,0.8618903160095215,0.010271742,0.1278379,0.8618903
can't jump to pages. up arrow disappears. at least make it optional for up arrow to stay visible all the time. just plain out aggregating to use.,negative,neutral,0.6840353012084961,0.22766393,0.6840353,0.08830081
very lag and make my phone so slow,negative,neutral,0.7101321816444397,0.22887889,0.7101322,0.060988937
useful and stable application <signature>,positive,positive,0.9274315237998962,0.009803624,0.06276479,0.9274315
overall a good app fast downloading and <signature>,positive,positive,0.9190075397491455,0.007892011,0.07310047,0.91900754
good place to work in groups,positive,positive,0.5800812840461731,0.014324179,0.40559456,0.5800813
good application. but needs some improvement,positive,positive,0.5514960885047913,0.011451723,0.4370522,0.5514961
good app but to much fake news and add,negative,positive,0.5334385633468628,0.024959601,0.44160184,0.53343856
cool idea with severe (ironic) bug,positive,neutral,0.7581069469451904,0.07157378,0.75810695,0.17031929
this app are clearing all data,neutral,negative,0.9591503143310547,0.9591503,0.030345809,0.010503759
good for a waytomake moneyon the side,neutral,neutral,0.6792161464691162,0.041555606,0.67921615,0.2792283
it is very nice app,neutral,positive,0.8188499212265015,0.011926989,0.16922306,0.8188499
"best editing software. ui is easy , but please remove the trial",positive,neutral,0.5615490078926086,0.029563747,0.561549,0.40888727
not visible in app tray!,positive,negative,0.5360470414161682,0.53604704,0.40822116,0.055731807
the only thing i would do different is make this available on facebook i can't access it for my posts. had to uninstall and reinstall as it stopped working.,neutral,negative,0.7399805784225464,0.7399806,0.22565247,0.034366943
"would have been a perfect app excet for the fact that you cant insert the icon into your current text, but have to start a new one(text) <url> , and with every icon!",neutral,neutral,0.49054551124572754,0.033467315,0.4905455,0.47598717
some issues in confirming the booking.,neutral,neutral,0.7039483785629272,0.044532403,0.7039484,0.2515192
pls also cover news of intl. importance,neutral,positive,0.7743993997573853,0.045047134,0.18055347,0.7743994
very easy to navigate,positive,positive,0.9251384735107422,0.010629161,0.064232334,0.9251385
won't stop shutting down. reported several times,negative,negative,0.9179186820983887,0.9179187,0.07113365,0.010947747
easy and very helpful,positive,positive,0.9315589070320129,0.011500474,0.05694064,0.9315589
"there is a problem, at least in this version, each time i try to view an already downloaded city guide while i'm online, always displays the search page for hotels <url>",neutral,neutral,0.7086427807807922,0.0786764,0.7086428,0.2126808
i am just downloading the app after completion i'll increase or decrease the rating based on the app performance,neutral,negative,0.5245727896690369,0.5245728,0.4063793,0.06904792
"notif now okay, ads still not ok",positive,negative,0.5125516057014465,0.5125516,0.4423844,0.045063984
"great app, too bad i'm on android.",positive,positive,0.5540148615837097,0.073659115,0.372326,0.55401486
"it's is very effective app , but it takes too much time in opening",neutral,positive,0.6622955203056335,0.011854256,0.3258502,0.6622955
same bad it is good for search and for download but it is no to much good when i open uc browser on it home sreen or default and not save language option for my side not good,neutral,neutral,0.5020608901977539,0.45163313,0.5020609,0.046305947
not good for me,negative,negative,0.8196793794631958,0.8196794,0.1566825,0.023638101
it's good for few days later it is not working well,neutral,neutral,0.7985536456108093,0.026309004,0.79855365,0.17513733
"keeps crashing. really looked fwd to checking it out, but crashes all the time. the few times it worked the timer got messed <url> work it out!",neutral,negative,0.8012441396713257,0.80124414,0.18097001,0.01778577
the worst - yet the only <url> ckck,negative,negative,0.8346238136291504,0.8346238,0.13618073,0.02919553
i love this app!it really helped me! devs keep on fixing and constantly improving on the app. worth any all in app purchases (which are very cheap btw). just missing a widget! &lt;/ <number>,negative,positive,0.8303582668304443,0.040661626,0.12898012,0.83035827
my bbm very slow .. what happen ??,negative,negative,0.5792712569236755,0.57927126,0.37712005,0.04360866
i like booking in my computer,neutral,positive,0.7958254814147949,0.030149546,0.17402495,0.7958255
i like this app,positive,positive,0.7441584467887878,0.044882197,0.21095937,0.74415845
can't do or find anything on the app,negative,negative,0.8561580181121826,0.856158,0.131443,0.01239896
why open raw files ?,positive,neutral,0.5722103714942932,0.29368928,0.5722104,0.13410033
"all but useless in europe. slow to update and most features just don't work here at all. added a daily weather report, great! oh wait, it describes only one <url>",negative,negative,0.9324573278427124,0.9324573,0.05401953,0.0135230785
something very wrong with the app,negative,negative,0.8976886868476868,0.8976887,0.086458236,0.015853066
iterate this app more then ads,negative,neutral,0.6240600347518921,0.16281389,0.62406003,0.21312614
old seen should not repeat please,neutral,negative,0.5468600392341614,0.54686004,0.38888463,0.064255394
great app for traveling,positive,positive,0.909740686416626,0.013868132,0.07639117,0.9097407
was so great <url> but <url>,negative,neutral,0.6517326235771179,0.20544943,0.6517326,0.14281796
it's a nice app,positive,positive,0.7052618861198425,0.010321044,0.28441706,0.7052619
i love this service,positive,positive,0.3725524842739105,0.3280156,0.29943186,0.37255248
larry delaney like it,neutral,positive,0.607437789440155,0.028037034,0.3645252,0.6074378
not working with google messenger,neutral,negative,0.928171694278717,0.9281717,0.05928491,0.01254338
"i am enjoying the app very much, it was recommended by my nephew and it is everything that he said it would be!!",positive,positive,0.9119815826416016,0.015786206,0.072232194,0.9119816
really only works with small documents and even then runs into freezes on motorola droid. no page jump which for books is necessary,negative,neutral,0.49259960651397705,0.46157917,0.4925996,0.04582119
"i used to really love this app until it started killing my trees just for receiving a notification that i hadn't opened yet. advanced detection is not on. may as well turn the phone off, but i use it for music.",negative,neutral,0.5960835218429565,0.33098322,0.5960835,0.07293326
crashes immediately after startup - can't use it!,negative,negative,0.9550374746322632,0.9550375,0.037670147,0.0072923717
can't login to bbm,negative,negative,0.879138708114624,0.8791387,0.10717976,0.013681488
an very much useful application,positive,positive,0.8829573392868042,0.01086999,0.1061726,0.88295734
works great except a few things,positive,positive,0.6795061230659485,0.018217618,0.30227622,0.6795061
"<salutation> awful interface lacking any true customisation, yet another chat app that brings nothing new to the table and steals ideas from discord, an exercise in reinventing the wheel which hasn't been updated in years and crashes all the time. also i wouldn't trust this app if you value your privacy. avoid like the plague.",negative,negative,0.9635981917381287,0.9635982,0.0291487,0.007253096
good for editing bad for storage,neutral,neutral,0.7872796654701233,0.048175015,0.78727967,0.16454528
"it's <url> only downside is can't make just any emotion, but overall great",positive,positive,0.8730688691139221,0.008545556,0.11838554,0.87306887
used to work . please fix,negative,negative,0.8674184083938599,0.8674184,0.11980466,0.012776942
it would be great if there's a feature where i can sort my files in folders because it is irritating to find a certain file in my sea of different subjects.,positive,positive,0.49939289689064026,0.021750329,0.4788568,0.4993929
one thing that uc devs definitely do is to remove ads and news <url> page is annoying if we want to read then will go in news site,negative,neutral,0.5709952116012573,0.3470267,0.5709952,0.08197811
nice to be back,positive,neutral,0.502597451210022,0.016736506,0.50259745,0.480666
"in all, we have to check this.",neutral,positive,0.7141084671020508,0.0599563,0.22593525,0.71410847
freezes on some files,neutral,neutral,0.6826881170272827,0.25377262,0.6826881,0.06353926
cannot save progress without spending money.,negative,negative,0.9103186130523682,0.9103186,0.078653604,0.011027742
greatly helpful. i like it,positive,positive,0.9305146336555481,0.010857523,0.058627788,0.93051463
can't even spell sydney right,negative,negative,0.9445724487304688,0.94457245,0.046299137,0.009128371
can't even create an account,negative,negative,0.9679913520812988,0.96799135,0.025690129,0.006318495
nice app but you put extra features in this app but app is good,neutral,positive,0.665507435798645,0.012992245,0.32150036,0.66550744
"good, but better without all those ads like other free messengers such as whatsapp, telegram, etc",neutral,neutral,0.585606575012207,0.013225274,0.5856066,0.40116814
wow. useless. hated it. <number> stars. (if i <url> ),negative,negative,0.9724698066711426,0.9724698,0.020977639,0.006552543
"bloated, glorified chat. i use it because my company obliges me to do so.",negative,positive,0.6559943556785583,0.06306452,0.28094116,0.65599436
it dors ansolutely nothing. wastef my time!,negative,negative,0.9453354477882385,0.94533545,0.043915026,0.010749518
superb editing in this,neutral,positive,0.9092142581939697,0.012451941,0.0783338,0.90921426
"generally very good & helpful, with some good prices. free cancellation option is extremely useful.",positive,positive,0.9241963028907776,0.008087302,0.067716405,0.9241963
"the ""i'm listening to"" <url>",positive,positive,0.457800030708313,0.1536088,0.38859114,0.45780003
"solid app, but lacking in the tablet ux area",positive,neutral,0.8373690843582153,0.06496805,0.8373691,0.097662814
let people to create more characters,neutral,positive,0.6175733804702759,0.05112459,0.331302,0.6175734
app is good brower is so fast but news section in uc brower is the worst thing in the world,neutral,neutral,0.5951760411262512,0.29174253,0.59517604,0.1130814
"it is good easy to use , but why i have to download opera browser to download any videos from uc browser please fix this problem .",neutral,neutral,0.6247150897979736,0.079625845,0.6247151,0.29565907
it worked better before the <url> anything posted is hard to see and get to.,neutral,neutral,0.6047163605690002,0.32852045,0.60471636,0.06676321
can't apply for instagram. please updated,neutral,negative,0.8108311891555786,0.8108312,0.16814749,0.021021334
image size goes from <number> mb to <number> kb else fine.,neutral,neutral,0.7833507061004639,0.06112973,0.7833507,0.15551965
please enable apps <number> sd immediately. <signature>,negative,neutral,0.514924943447113,0.28146675,0.51492494,0.2036083
like the app but the don't update rainfall very often.,positive,positive,0.5287414789199829,0.023065416,0.4481931,0.5287415
i liked <url> the size of this app is <url> is better,positive,positive,0.6042406558990479,0.049837217,0.34592208,0.60424066
this app is extremely bloated. for the functionality provided it should fit within <number> mb without issues.,negative,negative,0.5115131735801697,0.5115132,0.43456936,0.053917512
half assed. uninstall! droid ally,negative,negative,0.9683110117912292,0.968311,0.024376672,0.0073123495
quite nice - would be useful to edit posts from mobile,positive,positive,0.8371829390525818,0.009694432,0.15312263,0.83718294
app <number> f. temp <number> f,negative,neutral,0.4877960979938507,0.3933037,0.4877961,0.11890026
too many update it's annoying,neutral,neutral,0.7068174481391907,0.22569674,0.70681745,0.06748585
not responding to phone calls or emails. no customer service at all.,negative,negative,0.9434773325920105,0.94347733,0.046606664,0.009916
thanks for fixing the problem,negative,positive,0.632371723651886,0.018471189,0.34915715,0.6323717
room rate at times is misleading subject to additional charges,neutral,neutral,0.5017790198326111,0.42788103,0.501779,0.0703399
access to files/photos/media,negative,positive,0.45590445399284363,0.097758695,0.44633687,0.45590445
"best messaging app, not so great for file sharing though",positive,positive,0.6714245080947876,0.011676024,0.31689948,0.6714245
they want to much access,neutral,negative,0.7623081803321838,0.7623082,0.21095479,0.026737055
"would love more clothing choices, glasses and skin tones.",neutral,positive,0.883665919303894,0.0100737605,0.1062603,0.8836659
line freecall is better than bbm freecall,neutral,neutral,0.5328966379165649,0.06905099,0.53289664,0.39805236
this app very nice & use very easy,neutral,positive,0.925475001335144,0.009894772,0.064630255,0.925475
make the dp full hd,neutral,neutral,0.5873681902885437,0.076914564,0.5873682,0.3357172
good if it doesn't has annoying news banners,positive,neutral,0.7372966408729553,0.022623423,0.73729664,0.24007998
please make the lite variant of this app for smartphones with less storage.,negative,positive,0.5100828409194946,0.03926082,0.45065635,0.51008284
age group <number> to <number> years old,negative,neutral,0.56507408618927,0.227006,0.5650741,0.20791988
takes a lot of space,negative,neutral,0.7706590294837952,0.14515297,0.770659,0.08418801
trible app. ui is horrible.,negative,negative,0.9437634944915771,0.9437635,0.045976873,0.0102596395
loved the app very much,positive,positive,0.5821760296821594,0.12857679,0.28924716,0.582176
this bbm is not working on my galaxy s <number> edge why,neutral,negative,0.8764426708221436,0.8764427,0.10323089,0.020326369
it's great <url>,neutral,positive,0.8098052144050598,0.01835661,0.17183812,0.8098052
where is option for timer,negative,neutral,0.7386490106582642,0.11568972,0.738649,0.14566132
well not. so good work but. some what.,neutral,neutral,0.7967890501022339,0.044049926,0.79678905,0.159161
this could be great <url>,neutral,neutral,0.6020877957344055,0.04460045,0.6020878,0.35331178
take too much space or ram to run,neutral,neutral,0.629633367061615,0.3219948,0.62963337,0.048371784
very useful. ive used the app many times in the last few years. hv even referred others by telling them directly. wish full address address of property could be included even before booking. thats my only complaint.,positive,positive,0.8644710183143616,0.010744241,0.12478479,0.864471
i love it but she doesn't look like me after making so many changes!!,positive,positive,0.7719248533248901,0.04191173,0.18616334,0.77192485
"it's ok, but since it appears to have basic reflow why can't we have white text on black background to save battery?",neutral,neutral,0.8252073526382446,0.018741654,0.82520735,0.15605107
great!!! amazing tool for textbooks in pdf <url> i use it on my lenovo tab <number> <number> plus and it works awesome. most of my medical textbooks converted in pdf run absolutely fine with this app.,positive,positive,0.9239964485168457,0.01317853,0.06282502,0.92399645
bothering me for a rating,neutral,neutral,0.7472560405731201,0.17162266,0.74725604,0.081121266
it works great until you need to use another app. even when i whitelist apps my tree still withers,neutral,positive,0.5218820571899414,0.0358011,0.4423168,0.52188206
good weather overview. occasionally buggy (no pun intended).,positive,positive,0.7501752972602844,0.01015663,0.23966806,0.7501753
when it works is great,neutral,neutral,0.5269865393638611,0.3640744,0.52698654,0.10893901
radar map doesnt work at all since last update. please fix and get <number> stars,negative,negative,0.9542229175567627,0.9542229,0.03918065,0.0065963967
"how do i use on facebook,?",negative,neutral,0.5138480067253113,0.20236462,0.513848,0.2837874
used to be my favorite app,negative,negative,0.7570436596870422,0.75704366,0.22500308,0.017953178
its all good except for one thing.,neutral,neutral,0.6599191427230835,0.013822581,0.65991914,0.32625824
to good to be true,positive,neutral,0.5046430230140686,0.13590686,0.504643,0.3594501
this app is useful for me,positive,positive,0.7465059757232666,0.023132998,0.23036101,0.746506
"only worked for a day, then the app would never open and kept saying there was a error. uninstalled the re-installed <number> times never worked again",negative,negative,0.9488845467567444,0.94888455,0.04374838,0.007367128
not able to open pdf's downloaded to sd <url>,negative,negative,0.817816436290741,0.81781644,0.16233939,0.019844143
slow and crashes dinc v <number> . <number>,negative,negative,0.7632448077201843,0.7632448,0.21289419,0.023860957
"easy to use, fairly accurate!",positive,positive,0.935297429561615,0.008495854,0.056206647,0.9352974
its a usefull app for informal office communication.,positive,positive,0.921731173992157,0.009301189,0.068967655,0.9217312
"facebook face detection doesn't work, so you have to start from scratch. also not enough selection to choose from.",neutral,negative,0.6556509137153625,0.6556509,0.31255326,0.03179583
more than one and add more stuff. (stuff to make the avatar),neutral,positive,0.8414212465286255,0.016956044,0.14162275,0.84142125
i can't play it that sucks,negative,negative,0.9269919395446777,0.92699194,0.06331879,0.009689273
crashes during import htc one m <number>,negative,negative,0.6731442809104919,0.6731443,0.2873911,0.0394647
does exactly what it says. i like it.,positive,positive,0.8973103165626526,0.010316037,0.09237359,0.8973103
i think this app is good,positive,positive,0.500798761844635,0.021091448,0.47810972,0.50079876
great app. free cancellation should be indicated per hotel before booking.,positive,positive,0.8559578061103821,0.03095236,0.1130899,0.8559578
"it's great for pdf, i only wish it supported other book formats like epub or mobi",positive,positive,0.814199686050415,0.014149343,0.17165099,0.8141997
"stopped working and deleted everything after a week, pretty poor i'd say",negative,negative,0.9485882520675659,0.94858825,0.04315257,0.008259157
"a couple days ago, started telling me it can't attatch the emoji to my texts, that just stinks! i have a galaxys <number>",negative,negative,0.8371319770812988,0.837132,0.14451781,0.01835025
overall very useful app. i only don't like the fact that also sold-out hotels are shown. can be quite frustrating.,positive,positive,0.7737694382667542,0.010382443,0.21584809,0.77376944
works well. it could have been better if approximate dates were allowed in search form.,positive,positive,0.6974694728851318,0.011109909,0.29142064,0.6974695
still not as good as it could be!,neutral,neutral,0.7791759967803955,0.059238013,0.779176,0.161586
for more information about this review go to <url>,negative,neutral,0.5128049850463867,0.060072735,0.512805,0.4271222
its been <number> years im using uc browser i gave a feedback that in uc browser we can't download videos directly to sd <url> have given a feedback about this past <number> years back but still uc team have not sloved my <url> service i request google team to please remove this uc browser from google <url> dnt need this kind of careless team ..,negative,negative,0.9428852796554565,0.9428853,0.04813018,0.008984508
awesome app to find any <url> it,positive,positive,0.8625781536102295,0.019257054,0.118164755,0.86257815
ok permissions fix. i've updated and given back two of the four stars i'd dropped.,neutral,neutral,0.7797425389289856,0.05412253,0.77974254,0.16613492
i love the idea but can we get a weekly forest too?? that would be quite motivating!,neutral,positive,0.8568403720855713,0.012293351,0.1308663,0.8568404
it's very good for edit photos and make photos and make a design of any things,positive,positive,0.915863573551178,0.011327151,0.07280926,0.9158636
"i really love the lightroom software for laptops and other devices, but i don't find the app really convincing when compared to the software as you just miss so many options in the app",neutral,positive,0.540414035320282,0.04115649,0.41842946,0.54041404
"latest version is <number> . <number> . <number> , last updated on <number> th september <number> . uninstalled as abandoned. desktop is already at <number> . <number> .",negative,negative,0.9586207270622253,0.9586207,0.032572437,0.008806862
just click the back button and my tree will still <url> and i don't think i have the whitelist edit- i think your tree only dies when you open another app that isn't on your whitelist or else the list is <url> am i wrong?,positive,negative,0.5005927085876465,0.5005927,0.44055983,0.058847457
adobe products are awsome,positive,neutral,0.5434442162513733,0.37595022,0.5434442,0.080605574
latest update fails to install with 'unknown reason - <number> ',neutral,negative,0.8453143239021301,0.8453143,0.13615938,0.0185262
"the app syncs messages too slowly and marking messages as ""read"" is buggy.",neutral,neutral,0.80955970287323,0.055882815,0.8095597,0.13455755
"great service, terrible app. the app doesn't seem work with mobile internet which makes it mostly useless.",negative,negative,0.9712879657745361,0.97128797,0.022066176,0.0066458615
now <number> % harder to use,negative,negative,0.578523576259613,0.5785236,0.33862266,0.082853794
marginal but still better than others i have tried.,neutral,neutral,0.6788879036903381,0.026461145,0.6788879,0.29465097
the app doesn't provide multiple tabs at a time. it would be great if its possible.,positive,neutral,0.5546808242797852,0.020870285,0.5546808,0.42444882
good app and uesfull,negative,positive,0.6016988754272461,0.034573276,0.3637278,0.6016989
only hate the <url>,positive,neutral,0.3997633159160614,0.23032817,0.39976332,0.36990845
"i was using it every day and i think it was brilliant, even upgraded to paid version but since last update i haven't been able to access it at all as it keeps crashing. please fix it.",neutral,neutral,0.4845959544181824,0.07310793,0.48459595,0.4422961
wont work for saml integration,neutral,negative,0.959407389163971,0.9594074,0.03451103,0.006081585
good but ads are annoying,neutral,neutral,0.7238161563873291,0.022907306,0.72381616,0.25327653
"app works fine, but it is very disappointing that there is no possibility to just use the map to find available accommodation. you always have to fill a place to search, but mostly i just want to browse and see what's available, regardless of the location.",neutral,neutral,0.6366941928863525,0.018068485,0.6366942,0.3452373
worst app and if it is install u r phone become a virus attack,negative,negative,0.9689084887504578,0.9689085,0.023729917,0.007361576
not what i'd expect from the creators,neutral,negative,0.7873796820640564,0.7873797,0.19163041,0.020989938
"won't leave my facebook, like a <url>",negative,negative,0.9457360506057739,0.94573605,0.0467358,0.0075281225
ads is an inconvenient thing so far,positive,negative,0.7534388899803162,0.7534389,0.21399821,0.03256281
"i like the interface , it's really good. for me, i feel it would be nice to have a look up option when we right-click on words . it's functionality is to link up words to our dictionary apps. <signature>",positive,positive,0.8819234371185303,0.009709761,0.10836681,0.88192344
good but many <url>,positive,neutral,0.7313384413719177,0.019970201,0.73133844,0.24869135
requires photos to be imported into lightroom. i know this has how the desktop version but wish the mobile version was faster and easier to use.,neutral,neutral,0.5421820878982544,0.029432738,0.5421821,0.4283851
miss tabs to move between open docs. otherwise is fab.,positive,neutral,0.7190545797348022,0.06749882,0.7190546,0.21344663
"they stole from me i wanted a refund and because the manager of the hotel i chose treated me indifferently all because i wasn't <number> and so i emailed their "" <number> hour customer service"" and never got helped. lost $ <number> . don't use this app it is a trap.",negative,negative,0.9698985815048218,0.9698986,0.024092317,0.006009213
my ag fans love the photos i do,positive,positive,0.8912597298622131,0.024395399,0.08434488,0.89125973
this app would be perfectly awesome if it worked with the keyboard on my tablet so that i could use it in facebook when i <url> without white backgrounds,neutral,positive,0.676064133644104,0.025311671,0.2986242,0.67606413
"why my friends can retract or delete their messages, while i can't? i don't know what bb phone or android they have.",neutral,neutral,0.6584048271179199,0.22892922,0.6584048,0.112665966
it sucks non free things to choose from,negative,negative,0.9686238765716553,0.9686239,0.025013115,0.006363019
this is very good app for downloading,positive,positive,0.858986496925354,0.018903218,0.122110285,0.8589865
not accurate information all the time,neutral,neutral,0.6362127661705017,0.2996381,0.63621277,0.06414916
cannot show my reserved bookings,negative,negative,0.5961765050888062,0.5961765,0.37200058,0.031822953
i love this app,positive,negative,0.435589462518692,0.43558946,0.32512397,0.23928651
my company forces me to use this app.,neutral,negative,0.9563578963279724,0.9563579,0.034469917,0.009172231
it's hard to cancel a booking when <url> to use,neutral,neutral,0.7054618000984192,0.19087406,0.7054618,0.103664175
won't open email attachments,negative,negative,0.9627980589866638,0.96279806,0.030859185,0.0063428027
couldn't find a better suited search app. compliments to the team. trivago couldn't find these many options.,positive,negative,0.5006819367408752,0.50068194,0.4546094,0.044708632
"simple to use, don't seem to be able to see complete booking information",positive,positive,0.5375109910964966,0.029696755,0.43279228,0.537511
absolutely one of the <signature>,positive,positive,0.9205474257469177,0.01712585,0.06232669,0.9205474
i like the reading mode specially. but sometimes it crashes.,positive,positive,0.7652902603149414,0.017224582,0.2174852,0.76529026
sounds and digital mixer cansol,positive,positive,0.6225153803825378,0.060221117,0.3172635,0.6225154
"lacks a lot of basic features such as bookmarks and ""goto page"". thinkoffice does a better job.",negative,neutral,0.8392914533615112,0.10240022,0.83929145,0.058308356
much better than asana,positive,positive,0.7677897214889526,0.035008397,0.19720192,0.7677897
better on my windows phone,negative,neutral,0.5527352690696716,0.1044673,0.55273527,0.34279743
it's good but always show on screen when i switch on my home screen,neutral,positive,0.5478033423423767,0.014651516,0.43754518,0.54780334
this app is my go to when i need to know about the weather.,positive,positive,0.8754096031188965,0.021794206,0.10279618,0.8754096
"okay but not great, and not really improving",neutral,neutral,0.8631309866905212,0.04124434,0.863131,0.095624596
it should have pause option,neutral,neutral,0.7185748219490051,0.048971675,0.7185748,0.23245348
"all is good in this app except i couldn't see any hdr option while clicking photos, may be since i use oneplus one, which also has high processing power and advanced chipset enough to support this app. so they should support many more devices like this! hope the support arrives in next update itself.",neutral,neutral,0.5454664826393127,0.022389218,0.5454665,0.43214425
"professional app , useful for office purpose , easily connect to office by mobile but too much heavy unable to send messages on slow network.",positive,positive,0.9121752381324768,0.009586089,0.07823868,0.91217524
update is not starting after clicking on update button,negative,neutral,0.5580738186836243,0.37133998,0.5580738,0.070586205
hate it since the update,negative,negative,0.9406607151031494,0.9406607,0.050434217,0.008905138
tired of getting ripped off.,negative,negative,0.6858043074607849,0.6858043,0.28634733,0.027848367
had to sleep in the truck!,negative,negative,0.8806279897689819,0.880628,0.10879011,0.010581881
radar stopped working. i would've given <number> star rating if it worked.,negative,negative,0.9459680318832397,0.94596803,0.045003355,0.009028632
worst experience in goa,negative,negative,0.9669399261474609,0.9669399,0.026196813,0.0068632574
like it because it syncs better,positive,positive,0.8122044205665588,0.012554703,0.17524087,0.8122044
i can connect to my friends.,positive,positive,0.9060938954353333,0.012202677,0.08170343,0.9060939
i love this app,negative,negative,0.435589462518692,0.43558946,0.32512397,0.23928651
fantastic app for downloading and easy to use,positive,positive,0.9110936522483826,0.0122416215,0.07666469,0.91109365
"unable to change alert sound. not in options. unable to enable alerts per channel, on all or keywords and direct. closer to a beta than an app.",negative,negative,0.693432629108429,0.6934326,0.27948275,0.02708459
so much fun! makes people laugh.,positive,positive,0.8625383377075195,0.022436867,0.11502485,0.86253834
similar to all other photo editing apps. doesn't stand out from ythe rest.,neutral,neutral,0.5330986976623535,0.0398072,0.5330987,0.4270941
the quality of display picture is so bad,neutral,negative,0.5819358229637146,0.5819358,0.3754878,0.042576373
this app is very fast,neutral,positive,0.8439293503761292,0.0201902,0.13588046,0.84392935
dear friends do not install this browser. this browser is pathrtic <url> will ads and ads on this .really annoying,negative,negative,0.8530579805374146,0.853058,0.12939957,0.01754244
please fix so i can type!,negative,neutral,0.6342449188232422,0.15445246,0.6342449,0.21130268
able to provide sufficent info regarding hotel that want to be rent,positive,positive,0.8080411553382874,0.01703064,0.17492822,0.80804116
they make you pay to create an account!! this is outrageous.,negative,negative,0.9676663875579834,0.9676664,0.024760714,0.0075729145
"it's a great concept for assosiating a reward to focus for those of us who struggle; however, my tree withers when someone phones me and i don't answer which is obviously a piss off.",positive,positive,0.8033519983291626,0.014158918,0.18248907,0.803352
really a very good app,positive,positive,0.8734999895095825,0.012739741,0.11376029,0.8735
awesome app! it will be better if you sync all your timers on your phones and chrome/mozilla extension. because i have to start to plant on my <number> phones and my browers when i'm working when you can do it just once and all your timers will start automatically. i hope you do it!,positive,positive,0.8859268426895142,0.013083961,0.10098927,0.88592684
this app is very nice,positive,positive,0.7475386261940002,0.014748932,0.23771244,0.7475386
"this app is super cute! my only complaint is that there is no piercing section! i have <number> piercings and would really like to at least have a nose ring! or maybe earrings? also think you should be able to customize outfits, like pick a shirt, bottoms, and shoes! instead of just the premade outfits.",positive,positive,0.8989570736885071,0.009740351,0.09130258,0.8989571
"app is okay but has superfluous things that i will never use. including every option is okay but the ideal app would allow for complete customization of components and page information that is pertinent to the user and where they are located. additionally, collecting metrics on what users actually use versus what is weak allows for improved development of the weaker app areas. that said, i have used this app for a long time with little cause for complaint.",neutral,positive,0.5012445449829102,0.019985879,0.47876954,0.50124454
could you please add an option for exporting photos using the png format? it would be very handy.,neutral,positive,0.7295095324516296,0.013071409,0.25741905,0.72950953
i like the reflow feature. but useless for me as i can't search nor skip to a specific page (have to scroll through entire books),negative,neutral,0.7011002898216248,0.094392784,0.7011003,0.20450695
"simple yet effective. would be great if the app had more customisation options like moving the plants around, changing the colour etc.",positive,positive,0.8904864192008972,0.007593923,0.10191963,0.8904864
uc brouser is <signature>,positive,positive,0.6316732168197632,0.11529576,0.25303108,0.6316732
not starting since last update. please see to it. i gave <number> star so you can quickly check my issue. my phone is note <number> neo n <number>,positive,neutral,0.4947092831134796,0.42674178,0.49470928,0.078548975
doesn't work properly on nova launcher,neutral,negative,0.9426062107086182,0.9426062,0.049092412,0.008301396
"useful, informative and helpful <signature>",positive,positive,0.9291027784347534,0.012202219,0.058694955,0.9291028
still no floating head!! disappointed,negative,negative,0.5567184686660767,0.55671847,0.39449066,0.048790906
this app sucks now,negative,negative,0.9725932478904724,0.97259325,0.020237032,0.007169798
it can't find my photos,negative,negative,0.8804783821105957,0.8804784,0.1047667,0.014754929
what happened to my little shortcut!? or used to stay open in all my messaging <url> now it's gone!!,negative,negative,0.8892342448234558,0.88923424,0.097722456,0.013043289
stable and functional but not totally user friendly.,neutral,neutral,0.49632009863853455,0.017134413,0.4963201,0.48654547
this is good <url>  downloading movies but many. ads are come in between browsing,neutral,neutral,0.6920968294143677,0.024492476,0.6920968,0.2834107
i don't like the company not the app,negative,neutral,0.5076037645339966,0.40584943,0.50760376,0.08654678
"great app but would love to have better clothing styles. maybe peacoats, pencil skirts etc. <signature>",positive,positive,0.9200013279914856,0.009001128,0.070997536,0.9200013
radar map will not move. it hasn't been accurate either.,negative,negative,0.9302322268486023,0.9302322,0.059976652,0.009791162
"simplistic, designed to exceed expectations and overcome limitations.",positive,positive,0.6376118063926697,0.028741201,0.33364704,0.6376118
<url> sometimes it's gone <url> hate slow,neutral,neutral,0.6237128376960754,0.22118336,0.62371284,0.15510382
"i would use it more but i dont like that it has to start a new message, would be better if it would just add to the convo on the screen",neutral,neutral,0.6805034875869751,0.07743167,0.6805035,0.24206482
very bad app. it is forcing to instal. i think it is a virus.,negative,negative,0.9719616174697876,0.9719616,0.021576427,0.006462044
better if no trial period and unlimited use for free,positive,neutral,0.5633057355880737,0.022703059,0.56330574,0.41399127
great but needs presets access,neutral,positive,0.8651981949806213,0.008629574,0.12617223,0.8651982
each time it simply keeps saying that my phone has <url> disgusting,negative,negative,0.6848843097686768,0.6848843,0.2724491,0.042666636
keeps documents in line. i really like this application!,positive,positive,0.8954873085021973,0.015266711,0.08924603,0.8954873
anyone video download stop and very slow download,negative,negative,0.662808358669281,0.66280836,0.3059211,0.03127052
used to work but no longer does. writing this review while my is growing :/,neutral,negative,0.8561887145042419,0.8561887,0.13038768,0.013423669
limited options but fun,neutral,neutral,0.6784793138504028,0.021843474,0.6784793,0.29967728
would give better but have'nt used much yet,negative,neutral,0.6655932664871216,0.019810848,0.66559327,0.3145959
"app ok, but temp doesn't update in notification bar",neutral,neutral,0.8427814245223999,0.033637192,0.8427814,0.12358142
no way to redeem tickets.,neutral,negative,0.9663184881210327,0.9663185,0.026243104,0.007438487
"silly app , it would let me open google while it will kill the plant if i open calculator or dictionary",negative,negative,0.8105534911155701,0.8105535,0.16728312,0.022163361
"wow, such a pos!",negative,positive,0.78203946352005,0.04777863,0.17018189,0.78203946
is a great app but since the update a couple of days ago i can't get radar to work. tried uninstalling and reinstalling but doesn't work.,positive,neutral,0.7981674075126648,0.05033859,0.7981674,0.15149403
"i hate start up with system, i don't use it frequently",negative,negative,0.8875051140785217,0.8875051,0.09421106,0.018283863
push notifications not working,negative,negative,0.7190607786178589,0.7190608,0.23974341,0.041195776
good combination with acrobat reader. it's quite clear,positive,positive,0.8782053589820862,0.00743001,0.11436464,0.87820536
nice. update it to be more digital. very clear,positive,positive,0.8193690180778503,0.010127808,0.17050315,0.819369
nice but sometimes hanging,positive,positive,0.5601187944412231,0.012826214,0.42705494,0.5601188
still getting to know it,positive,neutral,0.6816885471343994,0.08944077,0.68168855,0.22887069
i use it for reading articles and it's fine. would be useful to be able to open two articles at once for cross reference but otherwise happy with the app,positive,positive,0.8965232968330383,0.009071106,0.09440562,0.8965233
its better than others,neutral,positive,0.586542546749115,0.016627586,0.39682993,0.58654255
does not work. in play store not listed as trial .come on adobe you stop down loads from your services now products do not work and listed as free we hen really a trial,negative,negative,0.9713866710662842,0.9713867,0.021291537,0.007321797
almost a good editor,positive,positive,0.5355060696601868,0.019604564,0.44488937,0.53550607
not able to download new <url>,neutral,negative,0.8639630675315857,0.86396307,0.11823909,0.017797858
"so i create a pdf using an adobe program, then send it to my phone to see what it looks like, but it won't open! pretty lame if you ask me.",negative,negative,0.6258029937744141,0.625803,0.3344621,0.03973495
sometime can't change display picture at asus zenfone <number> . please fix,negative,neutral,0.7121793627738953,0.043019418,0.71217936,0.24480133
really nice concept but on android it just keeps hanging and eventually crashing.,negative,neutral,0.7347670197486877,0.06993676,0.734767,0.19529626
doesn't work on my phone. always error,negative,negative,0.9625600576400757,0.96256006,0.03143906,0.006000864
slackbot opens every time i start to type a reply in the app. started happening with the last update (note <number> ). why can't we disable slackbot? <number> star until we get this ability.,negative,negative,0.7875170707702637,0.7875171,0.19021925,0.022263646
"complex app that covers all sorts of things related to travelling, maybe too many",positive,positive,0.9129462242126465,0.012898556,0.07415519,0.9129462
great and more awesome,positive,positive,0.8778804540634155,0.029071212,0.09304831,0.87788045
not what i asked for,negative,negative,0.8846547603607178,0.88465476,0.099945925,0.015399302
i wish you would show canadian maps,neutral,neutral,0.541951060295105,0.07200877,0.54195106,0.38604015
you don't allow to take in-app screenshots?,neutral,negative,0.8529932498931885,0.85299325,0.12682527,0.020181436
how about date birth,negative,neutral,0.615674614906311,0.100944705,0.6156746,0.2833807
"works great, other then not being able to delete content directly from phone.",neutral,positive,0.7438090443611145,0.015540813,0.24065013,0.74380904
can't copy/paste or add keyboard to android,negative,neutral,0.7556020021438599,0.17414917,0.755602,0.07024888
can't even create a account tried more than <number> times,negative,negative,0.9684573411941528,0.96845734,0.025762616,0.0057800994
fast and good but missing features.,neutral,positive,0.5570193529129028,0.019076766,0.4239039,0.55701935
cannot get rid of floating head in my messages and it's driving me mad. i've had to uninstall the app to get rid of it &gt;:-/,negative,negative,0.9411807060241699,0.9411807,0.051035665,0.007783631
"love this app. i use it to study, but i answered a phone call and it wilted my tree. i can't really help when i receive phone calls. this one had to be answered and now i have to look at a wilted tree in my beautiful forest. i am upsetti spaghetti since i'm a perfectionist",positive,positive,0.8525498509407043,0.02266572,0.12478444,0.85254985
this app is slowly work,neutral,neutral,0.6272846460342407,0.14132501,0.62728465,0.23139033
no instructions on how to delete files/pages viewed.,neutral,neutral,0.7106035947799683,0.21623538,0.7106036,0.07316103
it helps a lot.,positive,positive,0.8335293531417847,0.011479176,0.15499146,0.83352935
"need to improve performance, usablity, and <url>",neutral,neutral,0.5130264163017273,0.034065027,0.5130264,0.4529085
multiple image share option is missing,neutral,neutral,0.6497600674629211,0.05608202,0.64976007,0.29415783
"i like the functions, but",neutral,neutral,0.4876773953437805,0.033709142,0.4876774,0.4786135
why don't you just block us all?! =d =d =d,negative,negative,0.8633760809898376,0.8633761,0.11814828,0.018475635
easy to find hotel,neutral,positive,0.8049613237380981,0.016118797,0.17891987,0.8049613
"if unexpected crashes negleted, it is so far the <signature>",positive,positive,0.7562162280082703,0.019311111,0.22447273,0.7562162
used to love it,negative,negative,0.8406649231910706,0.8406649,0.1457686,0.01356646
"i love this app but with the latest update it died when i used a white listed app, and when i checked my whitelist i couldn't scroll through or change anything which was weird. plz fix this and add more trees!",positive,positive,0.5256413817405701,0.06578028,0.40857837,0.5256414
very good mobile phone photo editor,positive,positive,0.9012582302093506,0.00999454,0.08874717,0.90125823
keeps telling u to turn on the access then brings u to the settings page and even aft you check all the boxes doesnt take you back to the app. and continues to keep popping up disrupting phone usage. app doesnt work properly,negative,negative,0.9429857730865479,0.9429858,0.04891427,0.008099986
app is faster but stucks mobile pleas fix it up,positive,neutral,0.6608926653862,0.22742043,0.66089267,0.11168697
"should have ""seen"" feature",neutral,neutral,0.7548803091049194,0.069670215,0.7548803,0.17544949
"can not zoom in or out, plis fix",neutral,negative,0.7330223917961121,0.7330224,0.2437091,0.023268493
nice idea and interface but finding friends doesn't work on android,neutral,neutral,0.7775291204452515,0.06980498,0.7775291,0.15266587
white list is so frustrating!,negative,negative,0.7220456004142761,0.7220456,0.2467527,0.031201763
need <url> saving to gallery issue adding photo issue,neutral,neutral,0.7671495079994202,0.09069076,0.7671495,0.14215975
the live doppler doesn't work since i updated,negative,negative,0.8528323173522949,0.8528323,0.13332625,0.013841422
very ugly and difficult to use platform. i do not suggest it. very bad,negative,negative,0.96817946434021,0.96817946,0.025132379,0.0066881482
recent update be unstable and loading so late,neutral,negative,0.6167201399803162,0.61672014,0.3501156,0.033164226
would give <number> stars if you blocked the facebook messenger bubble as well,positive,neutral,0.6617430448532104,0.055715367,0.66174304,0.28254157
it's a good overall weather app. do miss the traffic cam.,positive,positive,0.8039164543151855,0.00905474,0.18702875,0.80391645
really hard to navigate.,neutral,negative,0.9200714826583862,0.9200715,0.07034178,0.009586765
they don't refund difference if room is cheaper,negative,negative,0.5227835178375244,0.5227835,0.4185265,0.058689944
"works most of the time. freezes sometimes while trying to open a document, but just restart the app and it's good to go.",positive,neutral,0.7592529654502869,0.03069661,0.75925297,0.21005036
my friend show me it on tumbler it's amazing <signature>,positive,positive,0.9224933981895447,0.011868886,0.06563766,0.9224934
would of gave it <number> stars if i could. i just figured out that this app was using <number> % of my battery life and i never even use the app. sucks really bad.,negative,negative,0.9033564925193787,0.9033565,0.0839225,0.012721072
"you ruined the icon, we said ok. now you are ruining the background color too. stop changing, no one was complaining!",neutral,negative,0.8715651631355286,0.87156516,0.1117907,0.016644139
should have been a <number> star but why's the android version lacking local adjustments that the ios version has. i can understand that there may be delays among platforms but it's already <number> months behind!,neutral,neutral,0.7945001125335693,0.091650024,0.7945001,0.1138498
nothing i want from this app,negative,negative,0.9563536047935486,0.9563536,0.035693422,0.007952909
so great until today,negative,neutral,0.4396880269050598,0.17872389,0.43968803,0.38158807
it would be nice if it had it on like whatsapp for android but you have to download another app to access that <url> yeah but it's good,positive,neutral,0.5286370515823364,0.017776247,0.52863705,0.45358676
high quality images turns into low quality,neutral,neutral,0.5327956676483154,0.40638584,0.53279567,0.060818512
"it doesnt work, the screen flashes on and off and it wont open",negative,negative,0.9544900059700012,0.95449,0.038670894,0.006839072
no retract in options,neutral,neutral,0.7699199318885803,0.13025269,0.76991993,0.0998274
last position read somewhat flawed,neutral,neutral,0.6211104393005371,0.25143772,0.62111044,0.12745185
get <number> days free trial. nice. to try it i need to be able to access photos that store to my sd card. i do that so i have room on my phones internal drive. waste of time,negative,neutral,0.5825595259666443,0.235655,0.5825595,0.18178551
does not support to open pwd protected document,neutral,negative,0.872302234172821,0.87230223,0.11183643,0.015861295
got rid of the irc gateway. this was why we used slack. uninstalled.,negative,negative,0.963774561882019,0.96377456,0.03019308,0.006032358
more theme and customization <url>,positive,positive,0.8961635828018188,0.019688899,0.08414752,0.8961636
some items don't work!,neutral,negative,0.545246958732605,0.54524696,0.40396574,0.050787278
map animation still has bug.,negative,neutral,0.6524897813796997,0.275501,0.6524898,0.07200921
"ignores some files, loads a few others",neutral,neutral,0.5058086514472961,0.4620062,0.50580865,0.032185167
it's not as good as it used to be,neutral,neutral,0.7997299432754517,0.1437172,0.79972994,0.0565529
"good, but needs things",positive,neutral,0.6415092349052429,0.014734217,0.64150923,0.34375653
not working properly on samsung galaxy a <number> .,negative,negative,0.9199721813201904,0.9199722,0.06707355,0.012954189
views pdfs better then stock app but it doesn't see pdf's on sd card,negative,neutral,0.8007450103759766,0.09153581,0.800745,0.10771916
no way to get rid of ads on terrible screen layout.,negative,negative,0.9618424773216248,0.9618425,0.031068876,0.007088627
required an account. i want an app to edit pictures on my phone. the online storage and synchronization should be an optional feature; not a requirement.,negative,neutral,0.6975077986717224,0.239336,0.6975078,0.063156255
ok with local weather love the thunder part of the app,positive,neutral,0.49638232588768005,0.0153474035,0.49638233,0.48827028
trivago the tru app,neutral,positive,0.5374867916107178,0.14777428,0.31473893,0.5374868
add a floating notification,positive,neutral,0.48379987478256226,0.054455303,0.48379987,0.46174476
why i can not share video on bbm group; too many update but no significant effect,negative,neutral,0.7858481407165527,0.1320983,0.78584814,0.08205353
limited options for search,negative,neutral,0.8314874172210693,0.04196216,0.8314874,0.12655042
good for messaging not for calls,neutral,neutral,0.7933212518692017,0.051305026,0.79332125,0.15537378
"it's available when i need it and it's more accurate than other weather apps i've tried. update(jan <number> ) <url> recent california winter has been crazy, and frankly this app has let me down with inaccurate forecasts for most of it. comparatively, the google now app is more accurate. maybe the sensors in my area are just bad. when it's fixed, i revisit my review.",neutral,positive,0.5449029803276062,0.025997588,0.42909947,0.544903
you could add a bit more features. birthmarks scars moles etc,positive,positive,0.5638784766197205,0.015673064,0.42044842,0.5638785
i am using it before <number> years,positive,neutral,0.4803181290626526,0.37473074,0.48031813,0.14495112
like many sites if you visit a chosen hotel more than once or twice the price rises!,neutral,positive,0.9002562761306763,0.010709993,0.089033686,0.9002563
amazing experience so far with this. iam being familiar with it.,positive,positive,0.9176791906356812,0.01248528,0.06983559,0.9176792
doesn't save properly half the time and definitely could use some more filters.,negative,neutral,0.716903030872345,0.036904626,0.71690303,0.24619237
why is the iphone app so much better!,negative,neutral,0.4857867956161499,0.453039,0.4857868,0.06117425
"browser not opening sites, it just ideal.",negative,neutral,0.7535305023193359,0.061075494,0.7535305,0.18539402
"continuous crashing, won't even open now.",negative,negative,0.9651323556900024,0.96513236,0.02769297,0.007174638
they forced me to rate them so i docked a star.,neutral,negative,0.9648802280426025,0.9648802,0.027894694,0.0072250133
lame. doesnt work for samsung intercept,negative,negative,0.9452565312385559,0.94525653,0.04726786,0.007475652
of mice and man,negative,negative,0.7535726428031921,0.75357264,0.20905957,0.037367802
only thing missing is custom notification,positive,positive,0.5107224583625793,0.04656544,0.44271213,0.51072246
video cant open after click tha video,negative,negative,0.854498565196991,0.85449857,0.1300189,0.0154825635
weather animation has stopped and will not start. has been off nearly <number> weeks.,negative,negative,0.8970007300376892,0.89700073,0.09136805,0.011631311
"i just came here because this app was featured on silicon valley, looks like a great app with an attractive interface.",positive,positive,0.8751558065414429,0.013994101,0.11085009,0.8751558
it's okay except for i have a lg phone and it doesn't work that well with the lg phone,positive,neutral,0.8506171703338623,0.021982793,0.8506172,0.1274
cannot open or detect image file imported from nikon <number> j <number> camera which has .jpeg <url> i had to convert it first or use another photo app editing and save <url> so lightroom could detect the file <url>,neutral,neutral,0.6049497723579407,0.35707587,0.6049498,0.03797434
having trouble downloading the app,negative,neutral,0.6278202533721924,0.317684,0.62782025,0.054495756
i can't sent it through my messages to my contacts. only through facebook and that is absolutely ridiculous. this app sucks,negative,negative,0.9695149660110474,0.96951497,0.024206424,0.006278584
very quickly reservation done.,positive,positive,0.9196451902389526,0.012823739,0.06753112,0.9196452
<salutation> please give setting to turn it off,negative,positive,0.5573967099189758,0.07679136,0.3658119,0.5573967
fantastic app to track lighting! the rest of the app is the same as any other really. but in fairness i do not use the rest of the app.,positive,positive,0.7283287644386292,0.01682918,0.254842,0.72832876
service is good but app is not much android oriented,neutral,neutral,0.8192891478538513,0.06012832,0.81928915,0.12058257
this app is better,neutral,positive,0.42353734374046326,0.16438058,0.4120821,0.42353734
the improvement are a lot better but it would be nice to be able to send large mp <number> or mp <number> files via bbm.,positive,positive,0.6041387915611267,0.012647879,0.3832133,0.6041388
viuggg hang with my life in your help me a lot and then you have any attachments may contain information contained herein including attachments if it would love the way i will have been sent me a new one day i was thinking about my life in your,positive,positive,0.7222084999084473,0.015894698,0.2618968,0.7222085
can't get to work for motorola droid,negative,negative,0.9339728355407715,0.93397284,0.057646267,0.008380873
bad for the aap is hanging,neutral,negative,0.9080877900123596,0.9080878,0.07935558,0.012556625
its really <url> though remove the trial days remaining,positive,positive,0.497881144285202,0.04765749,0.4544613,0.49788114
horrible radar. constant storm alerts with no storms around,negative,negative,0.9685145020484924,0.9685145,0.02511253,0.0063729757
cool idea pain da butt to use then at times wont work <url>,negative,neutral,0.7221516966819763,0.1676782,0.7221517,0.1101701
new update v <number> . <number> crashes all the time,positive,negative,0.8671061992645264,0.8671062,0.117289044,0.015604786
"it's okay (at least, freebies now included) <url>",neutral,neutral,0.7674728035926819,0.01618092,0.7674728,0.21634626
only <number> stars since it will not let me delete any files. please fix.,neutral,neutral,0.6227835416793823,0.144149,0.62278354,0.23306744
does what it is supposed to do and does it well.,positive,positive,0.8298763632774353,0.01780623,0.15231736,0.82987636
"very useful, but has a few annoyances",positive,positive,0.6525924205780029,0.010620714,0.33678687,0.6525924
can't download <url>,negative,negative,0.8181891441345215,0.81818914,0.16295436,0.018856514
"generally a good pdf viewer. i love the reading mode that reflow text and adjust font for better reading experience. the only problem, or i should call it a bug, is that it seems like this mode hates to see <number> letters ""f"" & ""i"" being together. for words like ""find"", ""first"", ""prefix"", etc. you will see only ""nd"", ""rst"", ""prex"", etc.",positive,positive,0.8288863301277161,0.011226244,0.15988739,0.82888633
no support for paid ad-free version,neutral,negative,0.8863576054573059,0.8863576,0.09478567,0.018856727
i like this app,positive,positive,0.7441584467887878,0.044882197,0.21095939,0.74415845
used to use it for studying but after reacent update it won't open. please fix,neutral,negative,0.7134168744087219,0.7134169,0.26558465,0.020998549
last update is a disaster,negative,negative,0.9299377799034119,0.9299378,0.05728783,0.012774383
would be better if emoji's didn't disappear when new ones are added,neutral,neutral,0.6637564301490784,0.021238877,0.66375643,0.31500474
good for basic stuff,neutral,neutral,0.5576217770576477,0.01815614,0.5576218,0.42422205
fun but android needs more options!!,neutral,positive,0.5195622444152832,0.019635739,0.46080196,0.51956224
"the usual mediocre bare bone pdf reader from adobe, totally lacking in functionality. repligo reader is better",negative,neutral,0.632133424282074,0.30659303,0.6321334,0.06127354
stays open in background,negative,neutral,0.6334808468818665,0.18917866,0.63348085,0.17734045
it's actually helpful.,positive,positive,0.6471328139305115,0.012276418,0.34059075,0.6471328
good enough and satisfied result <url> its quite good aap,neutral,positive,0.756456732749939,0.010005226,0.23353802,0.75645673
why songs are not downloading from the websites. there is always showing error. whenever i download some song. pls fix this bugg,neutral,neutral,0.5208263993263245,0.41453356,0.5208264,0.064640045
booking is simple and straight forward.,positive,positive,0.7671600580215454,0.025293052,0.20754696,0.76716006
"a really good and practical app, however like every other app it still has room for improvement!",positive,positive,0.903672456741333,0.007842146,0.08848536,0.90367246
excellent pdf viewer rendered unusable by the inability to jump to a page and by the fact that it doesn't remember where you were or bookmarks.,negative,neutral,0.578005850315094,0.04159932,0.57800585,0.38039482
good site but still faceing issue with hotel even we confirm through app,positive,neutral,0.5047054290771484,0.017288057,0.5047054,0.47800657
it took forever to download,neutral,neutral,0.5619139671325684,0.36610192,0.56191397,0.07198407
i've started using the lightroom camera to take all my photos in raw (dng) and i've noticed today that while out at <number> : <number> on <number> / <number> / <number> and taking pictures the time and date stamp on the images says <number> : <number> <number> / <number> / <number> . what's all that about? i can't change it so where does it get it's info from? also the preview does not show the correct colour. it does when using the slider but as soon as i let it go the image reverts back to a almost black and white.,neutral,neutral,0.706964910030365,0.19002879,0.7069649,0.10300631
it's cute for younger people but i use it some. i'm <number> yrs old.,positive,positive,0.7214342355728149,0.012127163,0.2664386,0.72143424
"i had login throught google + <url> but i changed my mind and wanted to login through <url> so, i logged out !!! now, i cannot login back. the app is going back to registration page with the option to login to facebook !!! please look into the solution for this !",neutral,negative,0.9123207926750183,0.9123208,0.074412465,0.013266722
please could we have the option to install to sd card. what is the point in having a large sd card if it doesn't even get used,negative,neutral,0.7835135459899902,0.080805466,0.78351355,0.1356809
wont open at all,negative,negative,0.9416410326957703,0.94164103,0.051240902,0.0071180537
good stickers allow users to express better. how come i cannot use bbm calls?,neutral,positive,0.6753504872322083,0.014575217,0.31007433,0.6753505
why pr have no radar????,negative,negative,0.511689305305481,0.5116893,0.41521767,0.07309298
before it can connect even the signal is weak now it needs more signal to connect,neutral,neutral,0.5593852400779724,0.38350558,0.55938524,0.05710909
radar maps are all wrong,negative,negative,0.8979488611221313,0.89794886,0.08872987,0.013321329
it is fast downloading app,positive,positive,0.890539824962616,0.009500608,0.09995957,0.8905398
make it a zoo or fish tank,positive,positive,0.6423607468605042,0.041250385,0.31638888,0.64236075
waah!!! so nice app,positive,positive,0.7888374328613281,0.016697984,0.19446458,0.78883743
why pay that price for tablet use,negative,negative,0.7123956680297852,0.71239567,0.24763739,0.039966926
good bit doesn't have the choices in search section for type of rooms such as not-smoking or soundproof ones or double-room etc.,positive,neutral,0.6319653391838074,0.017273467,0.63196534,0.35076126
too slow at times,neutral,neutral,0.6631160974502563,0.1537186,0.6631161,0.18316534
it's very easy to use and all types of format documents easily opened,positive,positive,0.9200189709663391,0.012699936,0.06728107,0.920019
can not sign in,negative,negative,0.9386079907417297,0.938608,0.05124782,0.010144195
it makes team communication highly open and accessible,positive,positive,0.9404100179672241,0.010197177,0.049392775,0.94041
when message is being sent it takes time to be received,neutral,neutral,0.6971375942230225,0.19651878,0.6971376,0.10634363
pretty accurate for the most part i think,positive,positive,0.9108337163925171,0.007294536,0.08187176,0.9108337
spark is about the only good thing,neutral,positive,0.5349364876747131,0.04954704,0.41551647,0.5349365
broke the upload photo feature,negative,negative,0.558824360370636,0.55882436,0.37603182,0.0651438
best app but suggest download stop,positive,neutral,0.5589817762374878,0.029394822,0.5589818,0.41162345
some hotels are a bit shady,neutral,neutral,0.8057309985160828,0.07637013,0.805731,0.11789888
its fun to see you're own emoji !,neutral,positive,0.6971402764320374,0.0142377075,0.28862205,0.6971403
its not so great as i expected it to be,neutral,neutral,0.8365597724914551,0.047768015,0.8365598,0.11567219
keeps going down n the ads r anoying,negative,negative,0.5781295299530029,0.57812953,0.381557,0.040313467
it was good enough until i can't change my display picture,negative,neutral,0.716899037361145,0.025716955,0.71689904,0.25738397
it's a trial. editing feature not impressive.,positive,neutral,0.6490390300750732,0.26755622,0.64903903,0.083404765
love it <url> great job <url>,neutral,positive,0.7112188339233398,0.07935417,0.20942697,0.71121883
used to be good,negative,negative,0.8102765083312988,0.8102765,0.17438792,0.015335597
very good and useful app,positive,positive,0.9272821545600891,0.012388257,0.06032963,0.92728215
"the app will no longer let me delete locations. uninstalled, and reinstalled and they are still there. frustrating.",neutral,negative,0.9206134676933289,0.92061347,0.06863513,0.010751315
"buggy, ambigue and less features",negative,neutral,0.8411557078361511,0.06937798,0.8411557,0.08946628
"this has helped my productivity a lot. i've only recently started experiencing issues with it. before, the app used to count extra time i went without using my phone even after the <number> min mark. it was really gratifying to see how much longer i was able to last + it contributed to my forest and my overall focus count. but now it isn't doing that? so it kind of discourages me from continuing to work past the sound of the timer even if i feel like i could. if it's possible, please do something about that.",neutral,neutral,0.5194459557533264,0.028394718,0.51944596,0.4521593
"zooming slow, okay otherwise",neutral,neutral,0.800254762172699,0.028095841,0.80025476,0.17164947
"fix zoom in attached images! it doesn't work first <number> seconds the image open, and for gif it doesn't work at all. and is that tat hard to add rotation you've ""planned to add"" a year ago? where's a font size setting or guesture scale sor chat?",neutral,negative,0.6774443984031677,0.6774444,0.29332113,0.029234422
when will the local adjustments tool be disponible for android users?? hope it's included on the next actualization !!,positive,neutral,0.4997081160545349,0.02504757,0.49970812,0.47524428
just started using it !,positive,neutral,0.47610464692115784,0.31439847,0.47610465,0.20949683
so cute. wish it were easier to access via other apps,positive,positive,0.7079886794090271,0.020270387,0.271741,0.7079887
really like the way this app has evolved from it's first version. please add android wear notification service asap. its really easy to add and people are badly missing it.,positive,positive,0.8295082449913025,0.014217344,0.15627436,0.82950824
"good on mobile devices ,simply good on move",positive,positive,0.5706368088722229,0.012857745,0.41650546,0.5706368
need to avoid unwanted ads and also enhance the downloading speed. overall nice app.,positive,positive,0.8234795928001404,0.008684962,0.1678354,0.8234796
"i really like this app and is what i go to when i start loosing concentration. i wish there were more stats and plant types, also more beautifully animated and things that change <url>",positive,positive,0.9037119746208191,0.014112988,0.082175,0.903712
was <url> now radar broken,negative,negative,0.9303907752037048,0.9303908,0.05764201,0.011967162
booking bait and switch,negative,negative,0.9078872799873352,0.9078873,0.07614878,0.015963942
this seems like it would be cool,negative,neutral,0.6824305653572083,0.017157005,0.68243057,0.30041245
cannot see my photo's on device,negative,neutral,0.5960131883621216,0.36035016,0.5960132,0.043636706
so far so good!! i love it.,positive,positive,0.8417319655418396,0.033850893,0.12441717,0.84173197
"such an intrusive browser, coming from china. it can't be trusted with your online activities. indians, be aware.",negative,negative,0.9422614574432373,0.94226146,0.049007755,0.00873079
hi i download this app he is the very good app,positive,positive,0.8280251026153564,0.028540084,0.14343481,0.8280251
where is the download process,positive,neutral,0.5953238010406494,0.24363223,0.5953238,0.16104399
brill so easy to use,positive,positive,0.7101247906684875,0.019617196,0.270258,0.7101248
the app isn't working on the note <number> . i'll update my review if/when it works.,negative,negative,0.7193323373794556,0.71933234,0.25244132,0.028226346
"""you have cancelled your entire <url> ""???",negative,negative,0.946946918964386,0.9469469,0.042357955,0.010695189
it good for local german reports nearly as good as <url>,positive,neutral,0.5478931069374084,0.019757953,0.5478931,0.43234897
does what i need it to,neutral,positive,0.6905513405799866,0.029602433,0.27984616,0.69055134
it's good for communication,neutral,positive,0.6912546753883362,0.00968998,0.29905534,0.6912547
it sometimes sends the wrong <url>,neutral,neutral,0.6014798879623413,0.30017063,0.6014799,0.098349445
please add the feature of sharpen and blur,neutral,positive,0.680832028388977,0.0148636,0.30430436,0.680832
notifications aren't working???,positive,negative,0.6068381071090698,0.6068381,0.33502367,0.058138125
lag while zoom in/out,positive,neutral,0.7099433541297913,0.11016185,0.70994335,0.17989478
had some slowness issues?,positive,neutral,0.7713099122047424,0.04896477,0.7713099,0.17972523
awesome app one of the <signature>,positive,positive,0.8998051285743713,0.01672505,0.08346979,0.8998051
it does great and gives accurate weather information,positive,positive,0.9142683744430542,0.00943869,0.07629292,0.9142684
bogus . there are several aps much useful,negative,neutral,0.6330487132072449,0.06132869,0.6330487,0.30562267
'no notifications' doesn't work.,negative,negative,0.8974246978759766,0.8974247,0.09025923,0.012316099
great app for managing hotel reservations on the go. it's also nice to earn rewards for frequent stays. i think this is the <signature>,positive,positive,0.9207138419151306,0.008829492,0.070456706,0.92071384
app keeps crashing. unable to open after latest update.,positive,negative,0.9579538106918335,0.9579538,0.033854306,0.008191972
always update but nothing improve,neutral,neutral,0.8305535316467285,0.053367358,0.83055353,0.11607914
"great concept, poor implementation",neutral,negative,0.8453474044799805,0.8453474,0.13235176,0.022300795
contact picture not show.,negative,neutral,0.6115595102310181,0.32679245,0.6115595,0.061648093
canon cr <number> support please,neutral,neutral,0.4769991934299469,0.099914625,0.4769992,0.4230862
this thing is a trap! it will take your money,negative,negative,0.9632512927055359,0.9632513,0.028691182,0.008057554
"the icon re-design is a tremendous eye-sore more fit to be the face of a pharmaceutical firm, and they didnt put any extra effort into making the app on any of the platforms, leaving gaps in design. no dark mode, no voip, no collapsing the sidebar on ios or windows. i use it because my friends do.",negative,neutral,0.6092434525489807,0.2899923,0.60924345,0.100764245
"just need an option to mute notifications (some of us work different timezones and like sleep), other than that it works pretty well!",positive,positive,0.6637430787086487,0.011258414,0.32499853,0.6637431
good for net work download,positive,neutral,0.6033459901809692,0.015384053,0.603346,0.38126996
i want this feature,positive,positive,0.6488271355628967,0.07418699,0.27698585,0.64882714
content rating: low maturity,positive,neutral,0.6890611052513123,0.23061031,0.6890611,0.0803286
this application doesn't work in my handphone,negative,negative,0.9515125751495361,0.9515126,0.04030743,0.008180013
slack chat is good,positive,neutral,0.7297097444534302,0.04144155,0.72970974,0.22884876
i find the user experience superior to other apps.,positive,positive,0.7749443054199219,0.021973897,0.2030818,0.7749443
"great app, needs better ui on reviews",neutral,positive,0.87095707654953,0.009987028,0.11905594,0.8709571
great new camera in-app,positive,positive,0.7937247157096863,0.05997073,0.14630456,0.7937247
would be <number> <url>,negative,neutral,0.5558615326881409,0.10812439,0.55586153,0.3360141
it's a good application,neutral,positive,0.6875908374786377,0.011166816,0.3012424,0.68759084
"five star service, two star app",negative,positive,0.43755611777305603,0.24434395,0.31809992,0.43755612
everytime my phone went on sleep it killed the tree and became completely pointless because i would've had to tap my phone every <number> seconds to keep it from locking and killing the tree.,negative,negative,0.9727953672409058,0.97279537,0.021107046,0.0060976204
bbm isnt the <signature>,neutral,neutral,0.6339684724807739,0.1760273,0.6339685,0.19000421
can you please give a little speed more on download,neutral,positive,0.5519824624061584,0.022086173,0.4259313,0.55198246
need support for .cr <number> format,positive,neutral,0.6782001256942749,0.03387013,0.6782001,0.28792974
"unecessarily complicated and cumbersome. it's so difficult to create new workspaces and move people from one to another. if you don't have someone's email address memorized, good luck! this app has a long way to go to be truly useful every day. in addition to the above, notifications are a bit of a nightmare. i've missed out on a lot of critical messages because notifications just don't work when they need to. i've run out of room for feedback but i could go <url>",negative,neutral,0.6742735505104065,0.21639332,0.67427355,0.10933316
i'm surprised hdr is not supported on the huawei nexus <number> p. i realize it is isn't as new as the pixels but it's still a pretty fast phone.,neutral,neutral,0.6209160685539246,0.023061806,0.62091607,0.35602212
where is the bookmarks?,neutral,negative,0.4885714650154114,0.48857147,0.41807866,0.09334986
"love this app, developers have been brilliant at fixing bugs and the feedback system is great!",neutral,positive,0.8543432354927063,0.03278665,0.112870105,0.85434324
i want to give this app <number> <url>,negative,negative,0.8369193077087402,0.8369193,0.13684347,0.026237203
cant even sign in or sign up,negative,negative,0.9608456492424011,0.96084565,0.032848343,0.006306008
"very nice weather app. would like to see more detail on air quality, pollen, etc",positive,positive,0.9141789078712463,0.009005647,0.07681542,0.9141789
simple to use. nice option to search via map,positive,positive,0.8767049908638,0.007974363,0.11532064,0.876705
what a huge step backwards for useability.,negative,positive,0.7956653237342834,0.03189968,0.172435,0.7956653
it is what it is!,neutral,positive,0.529039740562439,0.15721905,0.31374115,0.52903974
"+pinch zoom, +++reflow text, --render speed on scroll, ---should find all pdf including dowloaded by browser, --no search, ---no images in reflow",negative,negative,0.5320093035697937,0.5320093,0.42063022,0.04736051
this app keeps killing my tree whenever i off my <url> this is so bad. i ended up kore time restarting the timer.,negative,negative,0.9700711965560913,0.9700712,0.024157753,0.005771082
website offers better and more search options.,negative,positive,0.7854185700416565,0.025971102,0.18861033,0.78541857
i love this browser,positive,negative,0.39709770679473877,0.3970977,0.33271176,0.27019048
not always perfectly accurate. i like the hourly forecast.,positive,positive,0.6550359129905701,0.015269365,0.32969472,0.6550359
mobile notifications not working,neutral,negative,0.7548936605453491,0.75489366,0.20695803,0.03814835
cannot unlock password protected ebooks. can't even interact with links or buttons. worthless for password protected ebooks.,negative,negative,0.9709519147872925,0.9709519,0.022341097,0.0067070755
this app is an nice good for everything i need but they are problems u must fix,positive,positive,0.6405470371246338,0.015529589,0.34392342,0.64054704
getting worse than before,neutral,negative,0.7037621140480042,0.7037621,0.2646818,0.031556085
it's easier and efficient,positive,positive,0.9075353741645813,0.008506712,0.083957896,0.9075354
"what the mobile developers do not understand is: do not ever ever change the application icon! the icon shape and color are used to quickly identify an app between other dozen apps. that's how the brain works! moreover, an update only for the app icon? where is the video recording option? i use slack daily (it's the main chat / video conferencing solution where i work) and you can simply cannot record meetings!",negative,negative,0.7552844285964966,0.7552844,0.21054456,0.03417103
"cute and accurate, but no long hair",neutral,positive,0.6845701932907104,0.014421017,0.30100882,0.6845702
used to work. not anymore,negative,negative,0.9419076442718506,0.94190764,0.050937366,0.007154955
an outstanding way of communication with the team.,positive,positive,0.9307073950767517,0.012467466,0.056825124,0.9307074
internet is better than this because,neutral,neutral,0.5682057738304138,0.1859225,0.5682058,0.24587174
"sucks. force close, pdf never opens. htc hero.",negative,negative,0.9700066447257996,0.97000664,0.023633838,0.0063594747
"i like it just wish tht we had more choices for the avatar and the body shapes were more womenly, besides that i think it's great!",neutral,positive,0.8836079239845276,0.010826454,0.10556556,0.8836079
was great when it worked,negative,negative,0.6881541013717651,0.6881541,0.2852792,0.026566638
update has ruined functionality. now difficult to search rooms for <number> people etc. terrible terrible terrible!,negative,negative,0.970949113368988,0.9709491,0.022151586,0.00689927
would like it better if you could use this app in fb <url>,neutral,neutral,0.5323487520217896,0.02452109,0.53234875,0.4431301
great app with potential.,positive,positive,0.9149099588394165,0.011032848,0.074057266,0.91490996
handles small pdf files really well. needs bookmarks.,neutral,positive,0.6360499858856201,0.014033151,0.34991688,0.63605
why not a mobile web version ??!!?!,negative,neutral,0.526112973690033,0.37129936,0.526113,0.102587655
"i love this app, the ui is nice and smooth, no bugs what-so-ever, and it knows when i press the home button and enter another app. (turn on advanced something in the settings) looks very smooth, and it works as it should! the problem is, i can't lock my phone without killing the tree, and it wastes the battery. that's pretty much my only complaint! (i'm fairly new to the app, and i heard that when your forest gets full, that you can't put in anymore trees. if so, please let the forest expand as well.)",positive,positive,0.7679542303085327,0.024812913,0.2072329,0.76795423
i was addicted to game and other stuff my personal work ratio was too down and this app really help <url> !,positive,positive,0.6892411708831787,0.0503141,0.2604448,0.6892412
stuck in update mode,negative,negative,0.612066924571991,0.6120669,0.3377685,0.05016465
while downloading music it goes to play store .,neutral,neutral,0.6962153315544128,0.1476455,0.69621533,0.1561391
can't append it to sd card when updated in htc wildfire,negative,negative,0.49513354897499084,0.49513355,0.47204304,0.032823414
free emoticons are <url> good,neutral,neutral,0.610817015171051,0.024652658,0.610817,0.36453035
"i could plant the tree while watching youtube , no different than clash of clans",negative,neutral,0.6117595434188843,0.16259547,0.61175954,0.22564498
bbm cant connect properly,negative,negative,0.7453187704086304,0.7453188,0.22718136,0.027499918
"it would be cooler if you could mix and match the pants, shoes, shirts, jackets, etc. instead of having to choose from predetermined outfits. i want to make my own outfit!",positive,positive,0.7008472084999084,0.015354265,0.2837985,0.7008472
"works fine, too many ads",positive,neutral,0.621220052242279,0.062400606,0.62122005,0.31637928
they okay good on the <number> day forecast.!,neutral,neutral,0.5137104988098145,0.014717884,0.5137105,0.47157162
"when it works, it's good. but far too many crashes on my galaxy tab s <number> .",neutral,neutral,0.7580371499061584,0.01823606,0.75803715,0.22372682
terrible it now no longer works the way it used to. it was the <signature>,negative,negative,0.97234046459198,0.97234046,0.021491118,0.0061683888
push notifications not reliable,positive,neutral,0.7441056370735168,0.17706291,0.74410564,0.078831404
went out and can't access it ny more. what happened. says i have <number> go thru fb or my email and i have <number> sign up and in wen i've been using it <number> the past <number> months. what happened!,neutral,negative,0.9546380639076233,0.95463806,0.038736295,0.0066256956
to set a profile picture is very frustrating as the current set up/method cuts out most of the picture. this really should be adjusted.,neutral,neutral,0.7584388256072998,0.11929489,0.7584388,0.1222662
i liked <url> this is very useful,positive,positive,0.8176922798156738,0.01676644,0.16554125,0.8176923
if your not using this to book your loosing out,neutral,negative,0.8739434480667114,0.87394345,0.10183012,0.024226464
"the app keeps asking me to rate it despite me constantly telling it ""no"" so i'm rating it <number> star out of spite and partially because they don't actually follow the choices they give you.",negative,neutral,0.5528445839881897,0.35677764,0.5528446,0.09037779
"uc browser is a fantastic browser application. the team behind the creation of this application have all done a wonderful job. keep it up as you continue to improve upon this great application. however, i wish to suggest that option to be able to send applications in speed mode { facebook, twitter etc} to phone desktop/home screen be incorporated into this application. secondly, make it possible to be able to select and set desired audio file as alert tones for applications like facebook etc. we therefore look forward to seeing these options in your next update sir. <signature>",neutral,positive,0.8610841631889343,0.015061778,0.123854086,0.86108416
"battery drain, battery drain, battery drain",negative,negative,0.8978328108787537,0.8978328,0.089246355,0.012920864
won't open raw files,negative,negative,0.9544938206672668,0.9544938,0.038626008,0.006880214
force closes on samsung moment w/android v <number> . <number>,negative,negative,0.8213636875152588,0.8213637,0.15155359,0.027082736
not as good as desktop app .too slow while navigaring to different channels amd personal chats.,neutral,neutral,0.7959968447685242,0.15939772,0.79599684,0.04460541
weather is nice and shows precipitation also,positive,positive,0.7167690396308899,0.01437965,0.2688513,0.71676904
"won't let me add locations, other than that, works well.",neutral,neutral,0.7830086350440979,0.11538039,0.78300864,0.101610996
note <number> <url> of nov <number> th.,negative,neutral,0.559220552444458,0.2091454,0.55922055,0.23163402
rooms sold not always available,neutral,neutral,0.6398693919181824,0.2818581,0.6398694,0.07827261
please add a feature!,neutral,positive,0.7254071235656738,0.019285105,0.25530773,0.7254071
so many ads r coming i hate this app,negative,negative,0.9644051194190979,0.9644051,0.029084252,0.0065106344
it does what it's supposed to.,positive,neutral,0.7121280431747437,0.052996114,0.71212804,0.23487578
it really sucks that disabling wysisyg in the settings does not work. i want my input freedom.,negative,negative,0.9412751197814941,0.9412751,0.050694056,0.008030762
it's a decent app,positive,neutral,0.528533935546875,0.014572923,0.52853394,0.45689312
have issue on redmi note <number>,neutral,neutral,0.6823844909667969,0.18433934,0.6823845,0.1332762
"i would give it <number> , but it keeps stopping when converting text to pdf",positive,neutral,0.6631000638008118,0.054196786,0.66310006,0.28270313
very good for me,positive,positive,0.8798872828483582,0.013958723,0.10615394,0.8798873
"app whitelisting doesn't work, everything works fine when whitelisting is turned off (tree withers when i exit the app) but when it's on, i can access any app without the tree dying, not just the whitelisted ones. i've also turned on the advanced detection mode, does not help.",neutral,negative,0.7280047535896301,0.72800475,0.24605669,0.025938524
"this ""use"" to be the greatest weather app right up until <url> latest update froze radar animation and i don't get alerts until i open the app. deleting and going to find a better app.",negative,negative,0.7028388977050781,0.7028389,0.24030122,0.056859903
"it does its job, but asking each time to rate the app is infuriating",neutral,neutral,0.7620379328727722,0.08252039,0.76203793,0.15544167
my weatherbug now tells me im <number> towns away. reported <url> they told me i was dumb basically.,negative,negative,0.8338559865951538,0.833856,0.14462553,0.02151849
crude humor supports the deteriorating morals of society. not acceptable,negative,negative,0.5685303211212158,0.5685303,0.38556167,0.045907997
after installed the browser <url> phone will hang and some unwanted program to be automatically <url> will affect on <url>,negative,negative,0.9254124164581299,0.9254124,0.063063376,0.011524205
some update or something makes this wonderful app crash. please remedy the issue!!!,neutral,neutral,0.6013496518135071,0.10450991,0.60134965,0.29414043
love it but easy on the ads pls,positive,positive,0.7317147850990295,0.020130463,0.24815479,0.7317148
"for all those whose trees are not withering, turn off whitelist mode",neutral,neutral,0.4651137888431549,0.2661033,0.4651138,0.26878285
"i really enjoy this app, it's been quite helpful. however, though it counts the time you exceed the preset goal you don't get any extra trees/bushes. this means that i sometimes go over my time focus goal, but only see one lonely tree for my efforts. good bit of a bummer. otherwise, love the app.",positive,positive,0.8744013905525208,0.008995023,0.1166036,0.8744014
not as accurate at weather channel but i like that i can choose the radar location.,positive,positive,0.8354266285896301,0.01004662,0.15452676,0.8354266
i prefer the blackberry version to the android version. or maybe i've not discovered all the tricks here.,neutral,positive,0.5236588716506958,0.03724868,0.43909243,0.5236589
great! so much potential!,positive,positive,0.8998143076896667,0.0148183545,0.085367344,0.8998143
can't use bbm after update,negative,neutral,0.48244038224220276,0.4722216,0.48244038,0.04533801
on getting the latest update the app stopped working all of a sudden. i use samsung galaxy s <number> . please see what has gone wrong. i tried reinstalling the app too. didn't work.,negative,negative,0.9263623952865601,0.9263624,0.06436941,0.0092681125
very very slow even on nexus one,negative,negative,0.8036728501319885,0.80367285,0.17624752,0.020079626
like the old version better,positive,neutral,0.5428715348243713,0.031287473,0.54287153,0.42584103
stop asking me to rate every time i launch the app.,negative,negative,0.8508163690567017,0.85081637,0.13212258,0.017061
lots of force closes on galaxy s.,negative,negative,0.7884632349014282,0.78846323,0.1893526,0.022184126
needs more of the core lightroom features,neutral,neutral,0.7090044021606445,0.025815178,0.7090044,0.26518047
"great app, just a few things that need addressed. i can no longer ""purchase"" additional trees and i have the $. it says forbidden after taking a while to load. i've uninstalled and reinstalled, running on the most current app and android os <number> . <number> , droid turbo <number> .",neutral,neutral,0.47395363450050354,0.074060135,0.47395363,0.45198622
please add live radar widget!,positive,neutral,0.5586186647415161,0.27509862,0.55861866,0.16628265
can't quickly link to specific page or bookmark. sucks. quick office is much better for reading pdfs.,negative,negative,0.8590528964996338,0.8590529,0.124817945,0.016129108
it dose not let you do anything,negative,negative,0.8724929690361023,0.87249297,0.10946159,0.018045433
hourly doesn't match the <number> day,neutral,negative,0.7345553636550903,0.73455536,0.24036177,0.025082873
it's a good app,positive,positive,0.5338485836982727,0.01334018,0.45281124,0.5338486
good app edit picture,positive,neutral,0.5284281969070435,0.02441123,0.5284282,0.44716054
can't bookmark the page! it's hard to read an e-book and remember the page number. i will delete.,negative,negative,0.5783870220184326,0.578387,0.39255634,0.029056704
use for fast download,positive,positive,0.7445272207260132,0.022353543,0.23311923,0.7445272
used to be the <signature>,negative,negative,0.7395979762077332,0.739598,0.24048972,0.019912353
better than most. quick and easy,positive,positive,0.9292867183685303,0.008601799,0.06211146,0.9292867
"not fast in sending and receiving messages, the app needs to be worked on.",negative,neutral,0.6269348859786987,0.3244673,0.6269349,0.048597828
local adjustment not appearing,positive,neutral,0.7396135330200195,0.165846,0.73961353,0.09454038
used to be great,negative,negative,0.8403664827346802,0.8403665,0.14628759,0.01334594
just got it <url> fingers crossed,neutral,neutral,0.5429732203483582,0.19049945,0.5429732,0.26652732
best pic editing <url>,positive,positive,0.7073054909706116,0.022645783,0.27004868,0.7073055
no bookmark or jump page. doesnt remember where i was when closed,negative,negative,0.832127034664154,0.83212703,0.154361,0.0135119725
"good. only complaint is that sometimes the location on my lock screen is not my current location, but a random one from my saved places.",positive,positive,0.5225280523300171,0.012911019,0.46456096,0.52252805
for the older version,neutral,neutral,0.5633984208106995,0.23793466,0.5633984,0.19866697
"this app is pretty good, but i wish i could use this in my normal keyboard and i hope that it will be animated and have a transparent background",positive,positive,0.7413502335548401,0.015957594,0.2426922,0.74135023
it's very accurate and good,positive,positive,0.9162817597389221,0.009794555,0.073923714,0.91628176
loved it till i got a new phone,negative,neutral,0.5062921047210693,0.42772514,0.5062921,0.06598277
works ok but crashes when i rotate my archos <number> .,neutral,neutral,0.8471393585205078,0.02888904,0.84713936,0.12397156
bloats <number> megs needs to be movable to <url>,negative,neutral,0.6155151724815369,0.3158825,0.6155152,0.06860229
shares the way it wants without permission,negative,neutral,0.49417832493782043,0.42415154,0.49417832,0.081670076
external storage for cache,neutral,neutral,0.6569362282752991,0.14898504,0.6569362,0.19407873
the radar map is practically useless now,negative,negative,0.9692068099975586,0.9692068,0.022580022,0.0082131345
will not select the correct current location.,negative,neutral,0.5204051733016968,0.42875203,0.5204052,0.050842762
cant edit my avatar and cant log in!!,negative,negative,0.9563246369361877,0.95632464,0.037511922,0.0061634523
this is worse than what we call pathetic when it comes to mobile app.,negative,negative,0.9693922996520996,0.9693923,0.024150487,0.0064571253
updated to make it worst,negative,negative,0.8942620158195496,0.894262,0.08563567,0.020102309
the trees do not die when i leave the app which is what the app was supposed to do should i have left the app to use other apps like ig or youtube,negative,negative,0.7383143901824951,0.7383144,0.2308573,0.030828329
new version is a major step back,negative,positive,0.5607362985610962,0.092891,0.34637272,0.5607363
awesome and secure app,positive,positive,0.9100393652915955,0.018157167,0.071803465,0.91003937
awful app. really awful.,negative,negative,0.972173810005188,0.9721738,0.021004952,0.006821222
would rate <number> <url>,negative,neutral,0.6461449861526489,0.090201214,0.646145,0.26365384
"makes an incredibly annoying and loud clicking sound through the speakers whenever you take a photo, with no ability to disable it.",neutral,neutral,0.48746705055236816,0.42344892,0.48746705,0.08908403
it's nice but some problems r there,neutral,neutral,0.5533853769302368,0.015889963,0.5533854,0.43072468
have used it for years,positive,positive,0.7522146105766296,0.06574737,0.182038,0.7522146
hope it supports split screen,positive,positive,0.5122271180152893,0.019412337,0.4683606,0.5122271
good app to <url> i alwayz prefer uc browser to <url>,positive,neutral,0.6855385899543762,0.03214487,0.6855386,0.28231663
some issues but otherwise excellent,positive,positive,0.6893965601921082,0.010010049,0.30059338,0.68939656
"this app is great, allows you to edit raw files, and almost has all the same options as a desktop/laptop version. the only thing i would really love to see is a brush setting, really all it needs for <number> stars in my books!",positive,positive,0.8916851878166199,0.013269242,0.09504553,0.8916852
basic stuff done well,neutral,positive,0.7661024928092957,0.017276948,0.21662053,0.7661025
unfriendly to free users,negative,negative,0.9587346315383911,0.95873463,0.033964958,0.0073004393
crashed my phone twice in a row doing nothing more then trying to read a <url>,negative,negative,0.956260085105896,0.9562601,0.036968082,0.006771909
has become unreliable and very inaccurate. loved it and now will get rid of because of terrible forecasts.,negative,negative,0.9565954208374023,0.9565954,0.03619283,0.007211855
still no group contacts like old bbm,negative,neutral,0.7498201131820679,0.14320226,0.7498201,0.106977664
"slow loading, double notifications",neutral,neutral,0.5294901132583618,0.41836676,0.5294901,0.052143093
i love this app but sometimes it is really lagging.,positive,neutral,0.497256338596344,0.056211755,0.49725634,0.4465319
freezes when opening pdfs. useless. root droid <number> . <number>,negative,negative,0.9640348553657532,0.96403486,0.029331742,0.0066333646
"really nice app ,with grt way to analyse yr productivity",positive,positive,0.8741934299468994,0.008917347,0.11688923,0.87419343
great but one major problem,positive,positive,0.7844781875610352,0.011623033,0.20389882,0.7844782
this program needs to be able to jump to specific pages in the pdf. i have a <number> page set of blueprints in need to access multiple times daily. fix,negative,neutral,0.6285768151283264,0.31628394,0.6285768,0.055139214
something went wrong before i could access this app. immediately <url> viruses needed.,negative,negative,0.8774064779281616,0.8774065,0.10859778,0.013995792
last update problem when search number adults,negative,neutral,0.6613966226577759,0.21842758,0.6613966,0.120175764
very good app very easy,positive,positive,0.9200136661529541,0.009743356,0.07024297,0.92001367
it's good app and doesn't contain virus,positive,neutral,0.6506056785583496,0.021841133,0.6506057,0.3275532
please add widgets for slack,positive,positive,0.594572126865387,0.023648236,0.38177964,0.5945721
add hdr support for htc <number> please!,neutral,positive,0.5893903374671936,0.027888287,0.38272136,0.58939034
"suddenly it's killing all my trees it's was working perfectly, but now i keep getting a ""unknown app'",negative,neutral,0.5979225039482117,0.32648593,0.5979225,0.07559161
well <url> you need access to my files and my camera ? looks like an insecure joke. i 'll install once we are back to serious.,negative,neutral,0.7160243391990662,0.116430834,0.71602434,0.1675448
this app is <url> not as expected,negative,neutral,0.47869881987571716,0.4601774,0.47869882,0.061123755
please add remind me option,neutral,positive,0.739646852016449,0.016627355,0.2437258,0.73964685
"original user interface, very usable.",positive,positive,0.5149320960044861,0.031121831,0.4539461,0.5149321
i use this site for booking over night stays when going on holiday. good hotel and great staff.,positive,positive,0.9326585531234741,0.010628889,0.056712605,0.93265855
can't access my account,negative,negative,0.9534475803375244,0.9534476,0.039694875,0.0068575884
very useful to find non-chain hotels--saving lots of money when all you need is a clean room and a servicable bed.,positive,positive,0.9081031084060669,0.00887273,0.08302416,0.9081031
"love it, something for almost every occasion!",positive,positive,0.8820342421531677,0.02499725,0.092968434,0.88203424
doesn't format text correctly,neutral,neutral,0.6739071607589722,0.2695992,0.67390716,0.056493524
"despite all these new pdf readers, this app provides very good benefits",positive,positive,0.887834906578064,0.010405202,0.10175988,0.8878349
love it but hate it,neutral,neutral,0.485541433095932,0.21687841,0.48554143,0.29758015
great application. efficient way to browse and book accommodation.,neutral,positive,0.9356805086135864,0.009528148,0.054791346,0.9356805
great mutch eadier than website. quick and convenient,positive,positive,0.9078992605209351,0.0091710575,0.08292965,0.90789926
excellent. not needing any permissions is cool.,neutral,positive,0.8550307154655457,0.008796914,0.13617238,0.8550307
"works pretty good, nice to finally have this on android.",positive,positive,0.8616517186164856,0.008251748,0.13009651,0.8616517
to boring and to many adds,negative,negative,0.7644339203834534,0.7644339,0.20595509,0.02961105
reply from notification and remove bbm channels,neutral,neutral,0.5545861721038818,0.26770768,0.5545862,0.17770615
love the app but current temperature doesn't stay in the notification bar even though i have it set to go the settings. please fix. i have to constantly open the app for current temp.,positive,positive,0.6623036861419678,0.037701346,0.29999498,0.6623037
i like it . works great,neutral,positive,0.9181551337242126,0.0132953385,0.068549454,0.91815513
it's good for documents viewings and managing.,positive,positive,0.8219507932662964,0.008235867,0.16981328,0.8219508
it's good but not too much <url> it's working well,positive,neutral,0.6078960299491882,0.016476437,0.60789603,0.37562758
pic porn on ads,negative,negative,0.8694904446601868,0.86949044,0.11215432,0.018355342
dope! i wish there was a batch deletion feature.,positive,negative,0.8135878443717957,0.81358784,0.16219875,0.024213467
"worked great for years but now it double posts everything i send on my chromebook. love it on every other <url> iphone, mac. i hope this is fixed in the next <url> !",neutral,positive,0.7712075710296631,0.027430631,0.2013618,0.7712076
"sering error, but it's fine. still working",positive,neutral,0.7331867218017578,0.02199764,0.7331867,0.24481553
full of bugs. i can claim the reward but my coins doesn't increase at all????,negative,negative,0.7981081008911133,0.7981081,0.18143737,0.020454437
reliable when signal is good,positive,positive,0.5311716794967651,0.015462429,0.4533659,0.5311717
love it and hate it.,neutral,negative,0.7710806727409363,0.7710807,0.18209895,0.046820372
would be good if you could delete after finished!,neutral,neutral,0.662973940372467,0.019522512,0.66297394,0.3175036
works for me. only one i ever use.,positive,positive,0.47943243384361267,0.19700879,0.32355878,0.47943243
error <url> do not work. i'm having <number> . <number> . <number> <url> still not working .,negative,negative,0.9631385207176208,0.9631385,0.029613165,0.0072482675
it is very good but it needs more options on the facial features and the body motifications,positive,positive,0.7875367999076843,0.015120958,0.19734225,0.7875368
takes up <number> percent of the <url> saves everything u <url> good for a <url> have motorola droid.,negative,neutral,0.7135165333747864,0.22228242,0.71351653,0.064201
nice <url> was using this <url> information for news and latest updates,neutral,positive,0.7233097553253174,0.018683119,0.25800717,0.72330976
"the whitelist doesn't <url> no matter what i do, my tree dies.",neutral,negative,0.5844311118125916,0.5844311,0.37377453,0.04179431
"good app, but lacking android wear (and thus pebble) support. i prefer google hangouts to slack because of this missing functionality.",neutral,neutral,0.5952032804489136,0.017288502,0.5952033,0.3875082
great but too much phone access,neutral,positive,0.5717673301696777,0.013358516,0.4148742,0.57176733
if you can't offer better pricing you're useless,negative,negative,0.9586347341537476,0.95863473,0.032669708,0.008695526
seriously your ad blocker never works everytime i go to movies site pop up ads pop ups every second very irritating don't <url> u will never get good surfing experience,negative,negative,0.8310074210166931,0.8310074,0.14592464,0.023067947
minimize category and bbm group user friendly,positive,positive,0.6963781118392944,0.026276603,0.27734533,0.6963781
it doesn't save the last page you were on. it's annoying.,neutral,neutral,0.6648566722869873,0.2641888,0.6648567,0.0709546
please add something which shows you how long you've worked for each day and maybe a graph for comparing different working times,neutral,positive,0.7877095937728882,0.01162044,0.20066993,0.7877096
not bad better than other,positive,neutral,0.6742798686027527,0.035886493,0.67427987,0.2898337
i like the radar and spark. i work outside so that helps. the temp though? <url> but i guess that's what you get when trying to predict the actions of the most volatile woman in existence. mother nature of course.,neutral,positive,0.8597167730331421,0.011690251,0.12859303,0.8597168
why it is asking to download uc browser when i am going to download song and i don't want to download uc browser,negative,negative,0.7980741858482361,0.7980742,0.1782957,0.02363015
"awesome app!! it helps me a <url> i think it will be better if it had a <url> like we can time when it will start <url> sometimes i like to use my phone a lot. like before bed or using my phone at <url> smting like that. if you had the timer, we can set our work time so we would not play phones at certain <url> but still this app is great!!",positive,positive,0.8401959538459778,0.011765405,0.14803866,0.84019595
good app but <url>,neutral,neutral,0.7163531184196472,0.027220467,0.7163531,0.2564264
does the job it aims to do,neutral,positive,0.789381742477417,0.03539355,0.17522468,0.78938174
ridiculous. why the hell i cannot move it to memory card?,negative,negative,0.9660797715187073,0.9660798,0.026149374,0.0077708163
download error problem network gone after network connected again donwload doesn't resume,neutral,negative,0.8150783777236938,0.8150784,0.16262977,0.0222919
"i would give this app more stars if it weren't for the inability to get an overview of the total number of hours sunk into each tag rather than just a percentage, extend the amount of time you want on the fly and to filter by multiple tags vs either only one or all at the moment.",neutral,positive,0.5627167224884033,0.03586539,0.40141794,0.5627167
"its cool, i love it",neutral,positive,0.7653405070304871,0.026973946,0.20768552,0.7653405
warning. bad apps. this apps cheat ur money on cancelation,negative,negative,0.9682379364967346,0.96823794,0.024859505,0.0069026467
please fix!! then <number> stars,negative,negative,0.8331002593040466,0.83310026,0.13562085,0.03127892
it's ok this apps,positive,neutral,0.7381237149238586,0.015841808,0.7381237,0.24603437
please add support for links inside pdf! great app but i really miss that feature!!,neutral,positive,0.8835052847862244,0.010684849,0.105809875,0.8835053
weatherbug was better <number> years back than it is now. i do not like the last few updates. the maps not as good especially showing cloud cover with storms or without. the layers is really sib par from the way it was. now for the last <number> days its shutting down for no reason,neutral,negative,0.48165369033813477,0.4816537,0.456836,0.061510295
uc helpful but it's have many bad <url>,positive,neutral,0.6478946805000305,0.022422174,0.6478947,0.32968313
it tells me what i need to know,positive,positive,0.8093512058258057,0.021143483,0.16950531,0.8093512
addicted to phone? this is the app,positive,negative,0.8574733138084412,0.8574733,0.12186901,0.020657752
works well but beware the enormous memory use for data. if this could be stored on sd card then i would give <number> stars. as it is may have to uninstall.,neutral,neutral,0.610950767993927,0.01742821,0.61095077,0.371621
nice app for viewing documents!!! have been using it since many years!,positive,positive,0.9208108186721802,0.009190942,0.06999819,0.9208108
doesn't have a logout option,positive,neutral,0.5474186539649963,0.40530366,0.54741865,0.04727768
enlarge capacity for sending video,neutral,positive,0.49326473474502563,0.05234113,0.45439413,0.49326473
"it needs to have color, hairstyles and have character friends we pick on the lists to be in emojis too. plus can we have clothes come from video games and movies. plz",positive,positive,0.7351322174072266,0.016452271,0.2484155,0.7351322
excellent considering all i want is pdf reader. but confused why such a basic thing like bookmarks is missing! the page nav good but never accurate,neutral,positive,0.6913686394691467,0.012169601,0.29646182,0.69136864
very funny! it crashes in my s <number> edge+,negative,neutral,0.5053862929344177,0.37999365,0.5053863,0.114620015
cant book in alantic city nj,negative,negative,0.6700887084007263,0.6700887,0.29752854,0.032382824
learnt about it hope it is going to be <url>,neutral,positive,0.6358451247215271,0.052758448,0.31139645,0.6358451
i think it is cool because you can use it for anything and could make stories etc.,positive,positive,0.8018407821655273,0.015873116,0.18228608,0.8018408
"so powerful, yet so limited.",neutral,neutral,0.7460036277770996,0.068382345,0.7460036,0.18561399
i really like this app. have a lot of fun with it when i send text messages. haven't had any problems with it.,neutral,positive,0.898792564868927,0.012219067,0.088988334,0.89879256
new icon is really lame. looks like google <url> hahaha. binit,negative,negative,0.9054954648017883,0.90549546,0.08161292,0.012891611
easy and convenient to use,positive,positive,0.9305074214935303,0.009151713,0.06034094,0.9305074
holy data <url> people please!,negative,negative,0.3822704553604126,0.38227046,0.36073878,0.25699076
screw you slack for arbitrarily forcing everyone on mobile to download this utterly superfluous client while your services run well in browser.,negative,negative,0.9692742228507996,0.9692742,0.023521788,0.0072039613
sometime. . force close hard launch,neutral,neutral,0.6903213858604431,0.055232782,0.6903214,0.2544458
"slow, and hang when zoom",negative,neutral,0.6364086866378784,0.3008734,0.6364087,0.0627179
"the app is really good. i find it really fun but i suggest that you guys add piercings, birthmarks, beauty marks and things like that, maybe even allow more then two bitmoji characters. other than that, the app is really good",positive,positive,0.8649675846099854,0.008872066,0.12616034,0.8649676
"would pay extra to get the ads to go away. otherwise, very good.",neutral,positive,0.687384307384491,0.011815275,0.3008004,0.6873843
beware making fool and cheating beware,negative,negative,0.9689711332321167,0.96897113,0.024141278,0.006887494
what happened to the paid version?,negative,negative,0.8885610103607178,0.888561,0.09491158,0.01652732
good <number> st version - htc one m <number>,positive,neutral,0.5468993186950684,0.019525707,0.5468993,0.43357497
great app use it to store music in,positive,positive,0.9287968277931213,0.012086583,0.05911658,0.9287968
"could use a bit of <url> other than that, great concept and idea!",neutral,positive,0.5903244614601135,0.015070279,0.39460528,0.59032446
more customizable than the other guy but not as complete as i'd like,positive,positive,0.5845219492912292,0.014405733,0.40107226,0.58452195
"i always like this app since i used my old curve. but the ads kill me, hahahaha.",positive,negative,0.5315024852752686,0.5315025,0.406172,0.062325496
"what a crappy app. rim can do much betta than this. wanted to give it a zero star but that option ain't available, i wonder why.",negative,negative,0.9046919941902161,0.904692,0.08292178,0.012386244
it's a good app . it saved my mobile from getting virus into my mobile,positive,positive,0.7026203870773315,0.012927933,0.2844517,0.7026204
it's really nice !!!,neutral,positive,0.8086930513381958,0.010623141,0.18068382,0.80869305
"the prices are super high. like,the great <url> a billionaire could pay, but they would be poor afterwards. don't use!",negative,negative,0.9097305536270142,0.90973055,0.07903148,0.011237958
"great local forecast, maybe because i live near their headquarters. it works great when i travels as well.",positive,positive,0.870536208152771,0.009375722,0.1200881,0.8705362
not very compatible with pomodoro technique,neutral,neutral,0.8029932379722595,0.08829321,0.80299324,0.10871356
very useful and reliable app. documents are available offline which i find very convenient,positive,positive,0.9351774454116821,0.009776145,0.05504646,0.93517745
too many ads! hate it,negative,negative,0.9605973958969116,0.9605974,0.032597594,0.0068049645
good but i don't like this app becouse of that annoying ads please remove this <url>,negative,neutral,0.689385175704956,0.034499414,0.6893852,0.2761154
improve android app please,neutral,neutral,0.5322344303131104,0.061690878,0.53223443,0.4060747
not happy over my profile picture,neutral,negative,0.8431978821754456,0.8431979,0.13304646,0.02375565
foxit reader is more convenient,positive,neutral,0.6027901768684387,0.0521731,0.6027902,0.34503677
"cute, simple and motivating!",positive,positive,0.9217875003814697,0.010999048,0.06721346,0.9217875
good but could be better,positive,neutral,0.7376381158828735,0.019009374,0.7376381,0.2433525
"one of the essential apps, but imperfectly realized in android",positive,neutral,0.6765258312225342,0.0889674,0.67652583,0.23450676
like it but too much ads,positive,neutral,0.7030138969421387,0.030259803,0.7030139,0.26672626
still very lame. can't open pdfs that are image scans. cmon adobe. really?,negative,negative,0.8868643641471863,0.88686436,0.097943604,0.01519197
"after unable to launch get fixed in the update last night, all my past <number> days history is gone <url> all my lemon <url> this how the developer improve performance? very <url>",negative,negative,0.7337624430656433,0.73376244,0.22829087,0.037946697
you better call it off. useless.,negative,negative,0.9692671895027161,0.9692672,0.0228609,0.007871914
as good as the web version,positive,neutral,0.5296353697776794,0.01966922,0.52963537,0.4506954
just updated bbm and all of my chat history disappeared! need a way to restore it. pls fix it.,neutral,negative,0.9024847149848938,0.9024847,0.0845883,0.012927089
<salutation> can't even open password protected files. waste of time and memory,negative,negative,0.9712719917297363,0.971272,0.022159299,0.0065686903
i dont understand this ap,neutral,negative,0.8898935914039612,0.8898936,0.09488607,0.015220312
its a very good app,positive,positive,0.8315207958221436,0.01012943,0.15834978,0.8315208
good website for hotels. plenty of options and many with free cancellation.,positive,positive,0.8514856696128845,0.007889237,0.14062509,0.85148567
bad very very bad. in all website you have ads <url> is <url> <url> bad things <url> <url>,negative,negative,0.9725804924964905,0.9725805,0.021587081,0.0058323806
claims app <number> sd but <url> no option to move from phone to sd card. it's a <number> +mb app. htc di <number> . <number>,neutral,negative,0.5198728442192078,0.51987284,0.43702298,0.04310415
"unnecessary app, please kill it.",negative,negative,0.9664565324783325,0.96645653,0.0259237,0.007619842
my favorite way to communicate,positive,positive,0.8856359124183655,0.020743165,0.09362091,0.8856359
quickly opens up the pdf <url> and very user friendly,positive,positive,0.920914888381958,0.008227856,0.07085733,0.9209149
force closed after update,neutral,negative,0.9367141723632812,0.9367142,0.051116247,0.012169605
this app is nice for safe <url>,neutral,positive,0.5387848615646362,0.019418275,0.4417969,0.53878486
brings so much important info to my phone in an easy to use format.,positive,positive,0.9221675992012024,0.009852644,0.06797977,0.9221676
very nice and helpful app,positive,positive,0.9265812635421753,0.012886612,0.06053211,0.92658126
don't send fake news,neutral,negative,0.7230427861213684,0.7230428,0.24700278,0.029954446
it asks for login every time i start it and that is very annoying. on my ipad it does not behave that way.,neutral,neutral,0.4759179651737213,0.47346038,0.47591797,0.050621692
update <url> bisa copy comment di picture group <url> info bagaimana cara copy coment nya?,negative,neutral,0.4672132432460785,0.40721166,0.46721324,0.12557508
"good so far on phone, afraid to install on laptop, had a older version that wouldn't go away and had constant ads and pop-ups",positive,neutral,0.7358851432800293,0.04134676,0.73588514,0.22276813
this app is far too big.,negative,negative,0.7979204654693604,0.79792047,0.17675965,0.025319876
this is a good app,positive,positive,0.5498426556587219,0.02165689,0.42850047,0.54984266
"i'm heard about security concerns related to this browser, can u explain it?",neutral,neutral,0.6376093626022339,0.14098084,0.63760936,0.22140981
worst app in world,negative,negative,0.9724159836769104,0.972416,0.020531252,0.0070527317
i wish i could make funnies with my friends in them. not just in snapchat. otherwise a very fun app.,positive,positive,0.8561688661575317,0.010831972,0.13299917,0.85616887
its alright but got a long way to go to better repligo. need to be able to skip to chapters and double tap zoom should fit paragraph to screen width,neutral,neutral,0.6373343467712402,0.012732246,0.63733435,0.34993342
just missing an iphone feature.,positive,neutral,0.7968679070472717,0.08692996,0.7968679,0.1162021
not as good as on the blackberry phones doesn't show a red star to let you know you have an unread message unless you open the app,neutral,neutral,0.7140628695487976,0.23469916,0.71406287,0.051237967
excellent with some improvements,positive,positive,0.9025117754936218,0.008234148,0.08925408,0.9025118
add fonts and stuff,positive,positive,0.6374561190605164,0.022639459,0.33990446,0.6374561
please add some more features,positive,positive,0.6359575986862183,0.017883284,0.34615907,0.6359576
wish you could choose a friends to be part of the emoji,neutral,positive,0.5070483684539795,0.020664966,0.47228673,0.50704837
this app is useless. if i hit the home button the app plays in the background of my phone without the tree dying. that literally defeats the entire purpose of the app,negative,negative,0.971975564956665,0.97197556,0.020467812,0.0075566503
now i accepted it,positive,positive,0.3927643597126007,0.218657,0.38857868,0.39276436
support for password protected documents.,neutral,positive,0.707313597202301,0.020138677,0.2725477,0.7073136
discord came out and improved on slack in every way. there is no reason to use this trash anymore.,negative,negative,0.9641410112380981,0.964141,0.02950469,0.006354279
not anymore waste of time,negative,negative,0.9424936175346375,0.9424936,0.046304237,0.01120217
not able to sign in,negative,negative,0.9237580299377441,0.92375803,0.061633255,0.014608735
edit: i found the lemons and how to kill trees,positive,neutral,0.5501217246055603,0.1752816,0.5501217,0.27459666
always eror <url> this app,negative,positive,0.49683335423469543,0.14919919,0.3539675,0.49683335
has too much space for ads. premium for login. there are more user friendly ways to monetize your app. the concept is ok but poorly executed,negative,neutral,0.7411519885063171,0.20216097,0.741152,0.056687027
"since using a new update, my htc one x, always not <url>",negative,negative,0.7121762633323669,0.71217626,0.24881165,0.03901212
wpupd give more stars if we could use this app on fb messenger,neutral,neutral,0.5602386593818665,0.24506418,0.56023866,0.19469711
"not more reliable as the desktop app, but it is enough to get by",neutral,neutral,0.6942359805107117,0.017128283,0.694236,0.28863576
does not open all pdf files that you can open with adobe on the pc. uninstalled.,negative,negative,0.9642816185951233,0.9642816,0.02865039,0.0070679868
"really bad. zoom removes text, outer viewmode locks scrolling etc etc",negative,negative,0.9601418972015381,0.9601419,0.033838063,0.0060200463
i think the app is ment for book worms and book worms like me love it,neutral,positive,0.6630561947822571,0.07385722,0.26308656,0.6630562
chat app or ads app,negative,negative,0.82100510597229,0.8210051,0.15288794,0.026107019
"good accuracy, clean look and good features.",positive,positive,0.9126969575881958,0.008674135,0.078628875,0.91269696
tree doesn't whether if i leave the app n play game this app sucks,negative,negative,0.8556121587753296,0.85561216,0.12771472,0.016673153
even worse than photoshop,negative,negative,0.9230974912643433,0.9230975,0.063469045,0.013433435
begging for bookmark and copy paste option <url>,neutral,negative,0.7860478162765503,0.7860478,0.1895565,0.0243957
forgets where i was when killed by the system,neutral,negative,0.7219981551170349,0.72199816,0.24665459,0.03134725
very good. am no lonnger using infinix <number> am using mi note and it is very difficut for me to update my mi note phone.,neutral,positive,0.7892740964889526,0.014728359,0.19599754,0.7892741
not easy to use,neutral,neutral,0.5784189701080322,0.36249462,0.57841897,0.059086468
good app but huge filespace,neutral,positive,0.4940110445022583,0.014988694,0.4910003,0.49401104
no substitute for this great secure app for mobile communication in real time,positive,neutral,0.40346404910087585,0.20216455,0.40346405,0.3943714
not for bald people,negative,neutral,0.6177026629447937,0.18731801,0.61770266,0.19497931
really useful app. totally enjoyed using it. i had downloaded this without many expectations but the simplicity and perfection that this app delivered totally blew me away. hats off to the developers !! keep up the great work !!,positive,positive,0.9129551649093628,0.0131437015,0.07390119,0.91295516
"it's a good app overall, but the hourly forecast is totally unreliable. if the amatuers at weather underground can get it right <number> % of the time, why is weatherbug wrong <number> % of the time? c'mon folks, it's obviously do-able, so please try putting in the effort to get it right in the future (or at least check out the weather underground site and copy their work).",neutral,neutral,0.5652549862861633,0.018685343,0.565255,0.4160596
so so. like other apps in the play store. nothing special.,neutral,neutral,0.7599289417266846,0.11229932,0.75992894,0.12777165
the standard tool for exchanging documents online,positive,positive,0.8969592452049255,0.01742545,0.085615285,0.89695925
please fix some bug n i will give u <number> star,neutral,neutral,0.6014420986175537,0.1638932,0.6014421,0.23466468
great app over all,positive,positive,0.8918293118476868,0.027135145,0.08103553,0.8918293
the app is interactive and has all the required functions.,positive,positive,0.7682611346244812,0.024805639,0.20693329,0.76826113
it's ok but the follow me is crap,neutral,neutral,0.8203988075256348,0.031488385,0.8203988,0.14811279
update every <number> minutes,neutral,negative,0.523313581943512,0.5233136,0.42182437,0.054862026
"i have installed and uninstalled repeated this several times, all it wants to do is update continuously. i can't use it at all.",negative,negative,0.9357361793518066,0.9357362,0.05541015,0.008853687
used battery most show identity,negative,neutral,0.4755025804042816,0.46027756,0.47550258,0.06421989
should have more filtering options. should stop nagging for a review when you've already posted one.,neutral,neutral,0.79630047082901,0.033634447,0.7963005,0.17006516
"after reservation want to add rooms but app just crash, keep loading",negative,negative,0.7041488289833069,0.7041488,0.26044688,0.035404332
lost in the translation,negative,negative,0.45935115218162537,0.45935115,0.42897588,0.111672975
new version is much slower than the last. loading messages and channels feels sluggish and tedious.,negative,neutral,0.7922529578208923,0.1493269,0.79225296,0.05842013
where did the precipitation amounts go?,negative,neutral,0.5604137182235718,0.32302353,0.5604137,0.116562724
"it's nice, but it would be great there'd be some piercings",positive,positive,0.6044718623161316,0.011705728,0.3838224,0.60447186
it's a good app,positive,positive,0.5338485836982727,0.013340182,0.45281127,0.5338486
good but could be better,positive,neutral,0.7376381158828735,0.019009374,0.7376381,0.2433525
last update hosed app,negative,negative,0.8538143038749695,0.8538143,0.12414829,0.022037387
"it keeps crashing. i like yet very annoying to keep <url> , weather stopped working.",neutral,neutral,0.5845032334327698,0.3100117,0.58450323,0.10548499
the app would be better if you let us use calculator and <url> bcoz sometimes while studying you have to google something <url> just a suggestion.,neutral,neutral,0.5974079966545105,0.03582578,0.597408,0.3667662
"i love the amount of data and the warnings. however in the last <number> months the application has failed to work often at least once a day. if this issue could be solved, i would give the app <number> stars.",neutral,positive,0.7789438366889954,0.026906563,0.19414961,0.77894384
you just need to add box braids as a hairstyle,positive,positive,0.8465670943260193,0.018052174,0.13538077,0.8465671
its nice to receive anything,positive,positive,0.6744094491004944,0.0109305335,0.31466,0.67440945
this app is awful,negative,negative,0.9720187187194824,0.9720187,0.021724781,0.0062564444
"bummer! now i am a former usser!!!! no-ads weatherbug, where are you? hello?",negative,negative,0.6327843070030212,0.6327843,0.32224825,0.044967446
good for an <url>,neutral,neutral,0.7429344654083252,0.03394341,0.74293447,0.22312221
this is very bad,neutral,negative,0.9660643339157104,0.96606433,0.027018843,0.00691681
doesnt work on the gs <number>,negative,negative,0.924332857131958,0.92433286,0.06596574,0.009701402
too much ads not good for kids,neutral,neutral,0.47549018263816833,0.47449058,0.47549018,0.05001919
not working properly in android above <number> . <number>,positive,negative,0.913689374923706,0.9136894,0.07185169,0.01445894
slow sometimes especially during video and audio calls. the app just hangs and stops working.,positive,neutral,0.8326979875564575,0.08330169,0.832698,0.084000334
if i could alter the apps appearance to allow for inverted colour schemes i would give it <number> stars other than that this is a brilliant app.,positive,positive,0.8922019600868225,0.013245428,0.09455261,0.89220196
one of the <signature>,neutral,positive,0.9114953279495239,0.015499261,0.07300546,0.9114953
"it's not working for me, i'm using samsung tab <number> mini, it's asking for confirmation of date of birth",negative,negative,0.9158709049224854,0.9158709,0.072126694,0.0120023955
"i can use other app meanwhile timer is running , so no use waste app",negative,negative,0.589404284954071,0.5894043,0.35861358,0.051982127
app is up to date and easy to read.,positive,positive,0.829992413520813,0.011429028,0.15857854,0.8299924
"do not waste your time. if u think u can save the earth but no, you have to buy premium first to plant trees. absolute a waste timer",negative,negative,0.970488429069519,0.9704884,0.022714045,0.0067975516
sluggish compared to other pdf readers but renders well.,neutral,neutral,0.5009506940841675,0.013610812,0.5009507,0.4854385
"i don't need this, but i'm sure someone will need it.",positive,neutral,0.6374584436416626,0.0652993,0.63745844,0.29724225
"really fast, good and probably the <signature>",positive,positive,0.8938652276992798,0.009004653,0.097130135,0.8938652
"my team, tired of waiting for a department driven initiative for collaboration tools, decided to start using this for ourselves. it's been a great experience so far - quicker responses, easy file sharing, organising social outings and reaching out to the whole team at once etc. the <signature>",positive,positive,0.930403470993042,0.012449966,0.057146594,0.9304035
bad uploaded pic display,negative,negative,0.8499928116798401,0.8499928,0.12963414,0.020373017
i like this app is very useful,neutral,positive,0.8703858256340027,0.014978199,0.114635944,0.8703858
"i was not able to open the app even after reinstalling it twice so instead i installed ""flip flop"" app which is also a similar app",negative,negative,0.8315039873123169,0.831504,0.14826202,0.020233992
what's with all the new permissions?,negative,negative,0.802992582321167,0.8029926,0.17064282,0.026364654
the new automatic markdown feature sucks!!! and you cannot turn it off,negative,negative,0.9661157131195068,0.9661157,0.02727765,0.006606633
now it use very long time for export photo.,negative,positive,0.8310621976852417,0.02445034,0.14448747,0.8310622
can't import pictures,negative,negative,0.6591885089874268,0.6591885,0.30215937,0.038652115
i love it but for some reason it doesn't work well on my samsung. if it worked better with my phone a higher rating,neutral,positive,0.6339715719223022,0.036837574,0.32919085,0.6339716
did more things to say and more holiday,neutral,neutral,0.4837934076786041,0.1056351,0.4837934,0.4105715
can not open edited images on my galaxy note <number>,negative,negative,0.5799174308776855,0.57991743,0.3817557,0.038326778
the confirmation details is not shown on <number> rd party screen. not useful if i have to inform <number> rd party of the confirmation details.,neutral,neutral,0.7880914211273193,0.13854244,0.7880914,0.07336616
never sends the correct emoji.,negative,negative,0.7988271117210388,0.7988271,0.18337949,0.017793395
please add save image setting,positive,neutral,0.5578446388244629,0.055387568,0.55784464,0.38676783
i cant run the app after new update!!!,neutral,negative,0.9658384323120117,0.96583843,0.02747314,0.006688412
ads thats the only thing spoiling this <url> bcz ads are source of income <url> lose this app the source ur getting ads,negative,negative,0.914075493812561,0.9140755,0.07350144,0.012422993
i have had this app for a while and it works really well,negative,positive,0.8412068486213684,0.013275553,0.14551757,0.84120685
mostly good except- sucks too much background data and not freindly to my battery . should shut itself down.,neutral,neutral,0.8037139773368835,0.021547986,0.803714,0.17473805
"fairly accurate, wish the radar would update a little quicker",positive,positive,0.8782266974449158,0.0071436507,0.114629656,0.8782267
what's up with it?,negative,negative,0.6071822047233582,0.6071822,0.3429564,0.049861506
up browser is <signature>,positive,positive,0.5166404247283936,0.169631,0.3137286,0.5166404
nice app but i can't highlight my text i pressed that longer but it couldn't work please check this out,positive,neutral,0.6485171914100647,0.021938667,0.6485172,0.32954416
love it but the radar needs future time,positive,positive,0.5262187719345093,0.043019034,0.43076223,0.5262188
itss ok but not good at <url>,neutral,neutral,0.8619303703308105,0.043847427,0.8619304,0.09422231
animation does not work. really disappointed. use everyday for work. moving on to the weather channel app. never fails.,negative,negative,0.9621679186820984,0.9621679,0.029986111,0.00784606
"maybe if the app followed material design guidelines, i would have rated it <number> stars. the controls are based on ios, so it's not easy to find your way, but overall it's a good photo app.",positive,positive,0.5480102896690369,0.017166002,0.43482372,0.5480103
new layout v <number>,positive,neutral,0.5256101489067078,0.29448846,0.52561015,0.17990133
it does not install,positive,negative,0.9586896300315857,0.95868963,0.0335564,0.0077540264
"its amazing app, but unfortunately after the new updation the app forced to close when importing a new photo. so please fix that bug immediately",positive,positive,0.5629270672798157,0.019170998,0.4179019,0.56292707
try hotel tonight - $ <number> free,neutral,negative,0.5220059156417847,0.5220059,0.40640312,0.07159094
"it's like <number> stars for the app, <number> star for new booking assistant. god damn it, how the hell can i just answer the message i got from a property???!!! why do i need to see <number> questions of an assistant instead, that i can not delete and that just mess up all the dialog! hate it. really hate this feature! do like everything else though.",positive,neutral,0.47282713651657104,0.41544577,0.47282714,0.11172705
been a good weather app for me! thumbs up!,positive,positive,0.6681655049324036,0.02165342,0.31018102,0.6681655
i guess it's <url>,positive,neutral,0.5046175122261047,0.12700798,0.5046175,0.36837447
loved it before update,neutral,negative,0.6077303886413574,0.6077304,0.35765886,0.03461073
it is good news app but some improvement required in spelling and language.,positive,positive,0.7933302521705627,0.010101729,0.19656807,0.79333025
"as a frequent user , you should have few options as reward the client should choose between",positive,neutral,0.5790074467658997,0.056527156,0.57900745,0.3644654
no bookmark or jump to <url> really annoying,negative,neutral,0.4810824692249298,0.46824673,0.48108247,0.05067079
app is <url> service sucks,neutral,negative,0.9216535091400146,0.9216535,0.0649894,0.013357022
i can't use web mobile in <url>,negative,negative,0.7400279641151428,0.74002796,0.22831354,0.031658504
the new button is super poopy.,negative,neutral,0.5663686394691467,0.14775857,0.56636864,0.28587282
"i love it, but desperately needs to save last <url> and place within that <url> a bookmarking function!",neutral,positive,0.6998513340950012,0.06897939,0.23116925,0.69985133
"simple to use,in a straight forward easy to understand format. <signature>",positive,positive,0.9296082258224487,0.009629005,0.06076281,0.9296082
i saw no last minute rates as promised on the description.,negative,neutral,0.5163270831108093,0.41090503,0.5163271,0.072767936
if you browse like i do this is a must have. i rated it <number> stars before but now it is becoming a mess. you are killing its reputation with ads. i must wait for few seconds advert to finish before browsing.,neutral,negative,0.6601594090461731,0.6601594,0.2852816,0.054558992
the drawer is old,negative,neutral,0.5661007761955261,0.3503471,0.5661008,0.083552085
what a great messanger. you make us who separated a kilometers away can gather in one place. keep <url>,positive,negative,0.8894363641738892,0.88943636,0.09344588,0.017117806
add text option please,neutral,positive,0.6905712485313416,0.018841853,0.29058686,0.69057125
new logo looks like swastika maybe next time dev team will worked on app ram usage?,negative,neutral,0.6965780258178711,0.13768332,0.696578,0.16573857
don't use. can't uninstall on tablet,neutral,negative,0.912151038646698,0.91215104,0.07876101,0.009087855
fast but doesn't allow you to jump to pages no good for big ebooks,neutral,neutral,0.7071064710617065,0.22009245,0.7071065,0.07280105
how can i make a video call??,positive,neutral,0.5304475426673889,0.12454752,0.53044754,0.34500495
easy to use and useful,positive,positive,0.9233288764953613,0.009226836,0.067444324,0.9233289
"i saw this app on engadget and was excited to try it. however, the hdr mode does not work on my phone. i have a samsung galaxy s <number> edge. it is listed as one of the phones that works but the option for hdr is not available on the drop-down menu.",neutral,neutral,0.6626393795013428,0.2755851,0.6626394,0.061775554
i was able to update and view my bookings very easily. very convenient.,positive,positive,0.9224148988723755,0.00882982,0.06875527,0.9224149
"it lost all my progress! i had the cat tree, octopus, etc",negative,negative,0.8262814879417419,0.8262815,0.15599257,0.017725965
best crashes ever!!!! worthless,negative,negative,0.9719813466072083,0.97198135,0.021563765,0.006455003
radar map never loads first try.,neutral,negative,0.8480983972549438,0.8480984,0.13534868,0.016552964
"simple to the massage, i like bbm,cause i can see when the massage have delivered n read .",positive,positive,0.8917871117591858,0.010469114,0.09774377,0.8917871
its <url> make something <url>,neutral,neutral,0.5420923829078674,0.21642017,0.5420924,0.24148744
this is my favorite weather app to use. i've used it since i was a teenager. the only problem i have is that the hourly forecast is almost never right which is very inconvenient for me considering i work outside. on the bright side you can look at the radar and pretty much tell what what is gonna hit you.,neutral,positive,0.8057152032852173,0.018704439,0.17558035,0.8057152
cant connect to facebook,neutral,negative,0.9062486290931702,0.9062486,0.084465176,0.009286169
"i like it and think it's super cute and fun, but i wish it had more such as maybe tattoos or piercings and i wish you could create outfits instead of picking an outfit",positive,positive,0.9124467968940735,0.0095168315,0.07803637,0.9124468
good for quick edits on the move,positive,neutral,0.5059139132499695,0.015124313,0.5059139,0.47896177
why the almost daily updates?,neutral,neutral,0.7061355710029602,0.14932579,0.7061356,0.14453864
terrible. i don't need creative cloud!,negative,negative,0.9712536334991455,0.97125363,0.022189893,0.0065564374
sign up form doesn't work and this app doesnt work without an adobe account so it was just a waste of time.,negative,negative,0.9712350964546204,0.9712351,0.022425653,0.006339251
love it but a problem?,positive,positive,0.5867446064949036,0.019623628,0.3936317,0.5867446
does what supposed to an as far as forcast go seems good,positive,neutral,0.6558446288108826,0.01931276,0.6558446,0.32484257
i can't import alot of my photos!,neutral,negative,0.7859125137329102,0.7859125,0.18887268,0.025214726
horrible pdf reader. there are much better alternatives.,negative,negative,0.9689885973930359,0.9689886,0.02467344,0.006337978
"it's great that it can read my truck's <number> , <number> page service manual right here on my phone; but i can't find anything if there is no search feature!!",neutral,positive,0.6393448114395142,0.020200038,0.34045509,0.6393448
it does logout of account after closing,positive,negative,0.5663866996765137,0.5663867,0.3597901,0.07382322
"love it. would be great if you could include options to dodge and burn images, too.",positive,positive,0.7979345917701721,0.019170702,0.18289474,0.7979346
i don't like that i can't attach to a text in gboard. i have to go through bitmoji to send in a text. it is easier to send in iphone and i can't do friendmojis,positive,neutral,0.7176963686943054,0.17809066,0.71769637,0.10421304
"does not work on the captivate at <url> very disapointed, it just says it has failed to read found files.",negative,negative,0.9249724745750427,0.9249725,0.06493491,0.010092557
it's an useful app,positive,positive,0.8357078433036804,0.009376122,0.15491599,0.83570784
is the white house in charge of it?,negative,neutral,0.4507552683353424,0.36498258,0.45075527,0.18426219
weather automation doesn't work anymore so it's stupid,negative,negative,0.9015141129493713,0.9015141,0.08729937,0.011186563
some times its just boarding,neutral,neutral,0.7782822847366333,0.046066158,0.7782823,0.1756515
i deplore pdfs of all kinds. <url> the only thing that can read a pdf. but this app does <url> it still sux,negative,neutral,0.6190462112426758,0.31196225,0.6190462,0.06899158
installs another app without warning,negative,negative,0.9448618292808533,0.9448618,0.04696574,0.008172443
it's your app so you get to choose your logo. but this new one confusing my son that slack is a game and he is complaining i keep playing this game all the time but have no shame in denying his rights to play games eternally. ps: unable to view old items unless we pay is gross.,neutral,negative,0.5563797950744629,0.5563798,0.38031703,0.063303135
"other parties doin better ""reader n even writer"" than adobe!",negative,neutral,0.7014893889427185,0.11048174,0.7014894,0.18802887
takes too much time to load sometimes,positive,neutral,0.8309550881385803,0.059422035,0.8309551,0.1096228
it is an interesting app that uses a lot of memory. but great communication tool,neutral,positive,0.8890891671180725,0.009018793,0.101892024,0.88908917
it's amazing and faster then other <url>,neutral,positive,0.8980100154876709,0.013016028,0.08897394,0.89801
best weather app out there until it stopped working. won't load anything now. please <url>,negative,neutral,0.5516679883003235,0.073634245,0.551668,0.37469777
will be much better if it has read out <url>,positive,neutral,0.6240197420120239,0.025488092,0.62401974,0.35049215
good overall but seems to have an issue of being unavailable or offline when other weather apps are working just fine providing the same info. <url> radar,positive,neutral,0.5503126978874207,0.014019422,0.5503127,0.43566784
does the camera support long exposure?,positive,neutral,0.6325188279151917,0.041080143,0.6325188,0.32640097
i enjoy using it. i just have to play with it more to get more experience,positive,positive,0.9035515785217285,0.0140271485,0.08242126,0.9035516
it helps me a lot,positive,positive,0.8543470501899719,0.011134521,0.13451844,0.85434705
not bad at all. great improvement.,positive,positive,0.7206206917762756,0.012386619,0.26699266,0.7206207
plenty of unnessary ads,negative,negative,0.7135540246963501,0.713554,0.24929702,0.037148945
the news feed so annoying please avoid this type of <url> or add a button for stop news <url>,negative,neutral,0.5758176445960999,0.3204375,0.57581764,0.103744924
can be a bit complicated and in your face but it does a good job and is well supported by venues.,positive,positive,0.7333800196647644,0.011356504,0.25526348,0.73338
i liked it. no reply on mobile though.,positive,neutral,0.5632985830307007,0.04716493,0.5632986,0.38953644
"works perfectly with snapchat, i hope soon it has more goth/alternative outfits and options for piercings and ear spacers. love the new hair options!",positive,positive,0.9280737638473511,0.010232545,0.06169365,0.92807376
"it used to be a <number> star app but not every time i try to open it it crashes, please fix this asap",negative,negative,0.6626482009887695,0.6626482,0.30866113,0.028690657
where's the support?,negative,neutral,0.5291948318481445,0.19750188,0.52919483,0.27330324
i think nice but mobile hang krta h,neutral,positive,0.574718713760376,0.021979567,0.40330172,0.5747187
please add fonts in this app to write . <signature>,neutral,positive,0.6837831139564514,0.030435989,0.28578094,0.6837831
"worked once, then has never worked again.",negative,negative,0.9235332012176514,0.9235332,0.06721391,0.009252927
fix the radar! what is taking so long? i'm very close to deleting this app for good. i doubt i'm alone!,negative,negative,0.7469677329063416,0.74696773,0.222811,0.030221267
it is good aap for searching and downloading <url>,positive,positive,0.6427890062332153,0.025318779,0.33189222,0.642789
while controlling shutter speed whole app is getting freezed.,neutral,negative,0.587748110294342,0.5877481,0.35872436,0.05352754
"no full language support. what a shame, adobe.",negative,negative,0.9339731931686401,0.9339732,0.056050405,0.0099765025
it's nice <url>,neutral,neutral,0.507781445980072,0.013231447,0.50778145,0.47898716
"this app is not at all what i had expected. it is very hard to use. at the beggining, you get small info about one fature of the app. once you start to use it, the purpose just gets confusing, how does the tree grow? is the time a stopclock, a timer, im so confused! please improve this app to be more user friendly!",negative,neutral,0.7206463813781738,0.12249944,0.7206464,0.15685417
lost status bar info,neutral,negative,0.6276226043701172,0.6276226,0.30863488,0.06374246
it was fine before i was forced to update.,neutral,neutral,0.54052734375,0.40908825,0.54052734,0.05038439
